date,hash-rate
2009-01-03,4.97102696296296e-08
2009-01-07,0.0
2009-01-11,5.26928858074074e-06
2009-01-15,6.31320424296296e-06
2009-01-19,5.91552208592593e-06
2009-01-23,3.33058806518518e-06
2009-01-27,5.12015777185185e-06
2009-01-31,6.41262478222222e-06
2009-02-04,6.11436316444444e-06
2009-02-08,6.66117613037037e-06
2009-02-12,5.8658118162963e-06
2009-02-16,6.11436316444444e-06
2009-02-20,6.36291451259259e-06
2009-02-24,5.51783992888889e-06
2009-02-28,5.07044750222222e-06
2009-03-04,5.26928858074074e-06
2009-03-08,5.56755019851852e-06
2009-03-12,5.8658118162963e-06
2009-03-16,6.46233505185185e-06
2009-03-20,5.8658118162963e-06
2009-03-24,5.21957831111111e-06
2009-03-28,5.91552208592593e-06
2009-04-01,5.31899885037037e-06
2009-04-05,6.41262478222222e-06
2009-04-09,4.92131669333333e-06
2009-04-13,5.71668100740741e-06
2009-04-17,5.71668100740741e-06
2009-04-21,6.11436316444444e-06
2009-04-25,6.06465289481481e-06
2009-04-29,6.11436316444444e-06
2009-05-03,5.66697073777778e-06
2009-05-07,6.01494262518519e-06
2009-05-11,5.91552208592593e-06
2009-05-15,7.10856855703704e-06
2009-05-19,4.97102696296296e-06
2009-05-23,3.47971887407407e-07
2009-05-27,6.2137837037037e-06
2009-05-31,5.8658118162963e-06
2009-06-04,1.93870051555556e-06
2009-06-08,3.57913941333333e-06
2009-06-12,4.5236345362963e-06
2009-06-16,3.62884968296296e-06
2009-06-20,4.17566264888889e-06
2009-06-24,4.22537291851852e-06
2009-06-28,2.53522375111111e-06
2009-07-02,3.57913941333333e-06
2009-07-06,4.5236345362963e-06
2009-07-10,4.07624210962963e-06
2009-07-14,3.57913941333333e-06
2009-07-18,1.49130808888889e-07
2009-07-22,3.43000860444444e-06
2009-07-26,6.46233505185185e-07
2009-07-30,6.95943774814815e-07
2009-08-03,7.45654044444445e-07
2009-08-07,3.67855995259259e-06
2009-08-11,3.33058806518518e-06
2009-08-15,1.69014916740741e-06
2009-08-19,7.45654044444445e-07
2009-08-23,5.96523235555555e-07
2009-08-27,1.49130808888889e-06
2009-08-31,4.67276534518518e-06
2009-09-04,3.13174698666667e-06
2009-09-08,3.28087779555556e-06
2009-09-12,3.5294291437037e-06
2009-09-16,2.88319563851852e-06
2009-09-20,3.92711130074074e-06
2009-09-24,4.07624210962963e-06
2009-09-28,4.37450372740741e-06
2009-10-02,3.72827022222222e-06
2009-10-06,2.03812105481482e-06
2009-10-10,3.82769076148148e-06
2009-10-14,2.78377509925926e-06
2009-10-18,3.1814572562963e-06
2009-10-22,4.27508318814815e-06
2009-10-26,3.23116752592593e-06
2009-10-30,3.03232644740741e-06
2009-11-03,2.83348536888889e-06
2009-11-07,3.77798049185185e-06
2009-11-11,3.43000860444444e-06
2009-11-15,4.77218588444444e-06
2009-11-19,3.62884968296296e-06
2009-11-23,4.77218588444444e-06
2009-11-27,3.72827022222222e-06
2009-12-01,3.28087779555556e-06
2009-12-05,2.58493402074074e-06
2009-12-09,4.67276534518518e-06
2009-12-13,5.16986804148148e-06
2009-12-17,8.00335341037037e-06
2009-12-21,9.29582042074074e-06
2009-12-25,7.80451233185185e-06
2009-12-29,8.15248421925926e-06
2010-01-02,7.6442931234091e-06
2010-01-06,9.29075625768183e-06
2010-01-10,1.12312306659318e-05
2010-01-14,1.02502484902837e-05
2010-01-18,8.4337487578284e-06
2010-01-22,9.73124856672508e-06
2010-01-26,1.34980007194616e-05
2010-01-30,1.20279214331836e-05
2010-02-03,1.62376939347979e-05
2010-02-07,1.87139403823172e-05
2010-02-11,1.60921806186109e-05
2010-02-15,2.32460914215077e-05
2010-02-19,2.24921641321615e-05
2010-02-23,3.15392916043158e-05
2010-02-27,3.25176751436248e-05
2010-03-03,2.78185891402109e-05
2010-03-07,3.25176751436248e-05
2010-03-11,3.28852291444466e-05
2010-03-15,2.79299206432286e-05
2010-03-19,2.99570923028178e-05
2010-03-23,4.65217732310883e-05
2010-03-27,3.9486773376631e-05
2010-03-31,4.69756441894404e-05
2010-04-04,5.02167758384825e-05
2010-04-08,5.89895860753258e-05
2010-04-12,8.43531550865232e-05
2010-04-16,7.85222918316944e-05
2010-04-20,7.96884644826601e-05
2010-04-24,8.37744517822657e-05
2010-04-28,9.9731490216983e-05
2010-05-02,9.68820190679263e-05
2010-05-06,9.64491901786208e-05
2010-05-10,8.75068811554374e-05
2010-05-14,7.66483630558576e-05
2010-05-18,0.000107307708278201
2010-05-22,0.000113064805519858
2010-05-26,0.000124842389428177
2010-05-30,0.000124746971748383
2010-06-03,0.000129703805062888
2010-06-07,0.000128877666177137
2010-06-11,0.000138791332806148
2010-06-15,0.00016935153872945
2010-06-19,0.000136518077139047
2010-06-23,0.000147750577156816
2010-06-27,0.000153374207557116
2010-07-01,0.00020064047277912
2010-07-05,0.000169772707736179
2010-07-09,0.000220799974472116
2010-07-13,0.00167856925065505
2010-07-17,0.00165149555306384
2010-07-21,0.00182296230447484
2010-07-25,0.00193125709483968
2010-07-29,0.0021244834042325
2010-08-02,0.00308353591242889
2010-08-06,0.00281847061359461
2010-08-10,0.0036237479317645
2010-08-14,0.00456907347918133
2010-08-18,0.00338357325016817
2010-08-22,0.00506263967506365
2010-08-26,0.00529160327845849
2010-08-30,0.00461732134494324
2010-09-03,0.00495819741738872
2010-09-07,0.0046792988126606
2010-09-11,0.00574090721074621
2010-09-15,0.00666228738037215
2010-09-19,0.00958137886113681
2010-09-23,0.00967263008838573
2010-09-27,0.0108588960426217
2010-10-01,0.0102260252243218
2010-10-05,0.00806282758071523
2010-10-09,0.0100293708930848
2010-10-13,0.0115768636273677
2010-10-17,0.0193176067628266
2010-10-21,0.0248910297496032
2010-10-25,0.0224339753108011
2010-10-29,0.0251046866573251
2010-11-02,0.0258201005069688
2010-11-06,0.0310455970381411
2010-11-10,0.0435221497768396
2010-11-14,0.0536698012792116
2010-11-18,0.059307385447196
2010-11-22,0.0546168613375639
2010-11-26,0.0692951428220342
2010-11-30,0.0843295455223728
2010-12-04,0.0879436689019031
2010-12-08,0.0927625000746101
2010-12-12,0.105974736816725
2010-12-16,0.11328333935581
2010-12-20,0.0968389836428695
2010-12-24,0.108001742450377
2010-12-28,0.121681963160758
2011-01-01,0.128162067707781
2011-01-05,0.121596943772684
2011-01-09,0.12321823635632
2011-01-13,0.149969563986311
2011-01-17,0.158561467414078
2011-01-21,0.163144168784427
2011-01-25,0.142980282754891
2011-01-29,0.164136211725285
2011-02-02,0.177267108663308
2011-02-06,0.191492247012833
2011-02-10,0.244256346380359
2011-02-14,0.240379261517179
2011-02-18,0.391485054897639
2011-02-22,0.384235331658794
2011-02-26,0.454920133237534
2011-03-02,0.467009518958862
2011-03-06,0.746109882360313
2011-03-10,0.450719122534764
2011-03-14,0.443144011231659
2011-03-18,0.522682679914265
2011-03-22,0.477232012095633
2011-03-26,0.483475502411536
2011-03-30,0.53490906649787
2011-04-03,0.572627013494514
2011-04-07,0.663134715812337
2011-04-11,0.630387322438889
2011-04-15,0.552612263176948
2011-04-19,0.647277934068425
2011-04-23,0.78040601979881
2011-04-27,0.872218492716317
2011-05-01,1.06853945167215
2011-05-05,1.24299487235332
2011-05-09,1.35748124217533
2011-05-13,1.57286756773456
2011-05-17,2.03455506274122
2011-05-21,2.58473318607827
2011-05-25,3.5433900954688
2011-05-29,3.73988894768231
2011-06-02,4.10739248589387
2011-06-06,7.04978032426183
2011-06-10,6.37300141313269
2011-06-14,6.34480229183565
2011-06-18,8.80591615374559
2011-06-22,11.7702839678778
2011-06-26,10.6268031804332
2011-06-30,12.4093637139252
2011-07-04,11.2438433651035
2011-07-08,11.4216858394628
2011-07-12,11.188590210086
2011-07-16,12.3540683569699
2011-07-20,12.0198487388041
2011-07-24,14.7936599862205
2011-07-28,14.0371660096524
2011-08-01,16.431116869293
2011-08-05,12.9571093026425
2011-08-09,12.4876488206627
2011-08-13,12.0181883386829
2011-08-17,11.5792819314549
2011-08-21,13.0154719384571
2011-08-25,11.4895200560173
2011-08-29,11.2202344297044
2011-09-02,14.3165311122368
2011-09-06,13.2560473261452
2011-09-10,12.6374317842584
2011-09-14,13.2639252302093
2011-09-18,14.5728652200325
2011-09-22,13.0893998982328
2011-09-26,11.954985240386
2011-09-30,10.3292040558972
2011-10-04,10.9170449371271
2011-10-08,10.83306766838
2011-10-12,9.99329498090868
2011-10-16,8.97708003840482
2011-10-20,7.51739222728209
2011-10-24,8.97708003840482
2011-10-28,7.44440783672595
2011-11-01,8.73436486000387
2011-11-05,8.97366252740123
2011-11-09,10.1103264475387
2011-11-13,8.79418927685321
2011-11-17,8.59551078000283
2011-11-21,8.00271693310608
2011-11-25,7.70632000965771
2011-11-29,8.23983447186478
2011-12-03,8.132965581692
2011-12-07,7.97030627005816
2011-12-11,7.86186672896894
2011-12-15,7.06232384270858
2011-12-19,8.67000731909753
2011-12-23,8.72742458611142
2011-12-27,9.1680048812832
2011-12-31,9.28332569739997
2012-01-04,8.87970284099127
2012-01-08,9.28332569739997
2012-01-12,10.3211337404744
2012-01-16,9.82372970478891
2012-01-20,8.58021961557513
2012-01-24,8.77601647007213
2012-01-28,10.076167058231
2012-02-01,8.77601647007213
2012-02-05,9.3272398828152
2012-02-09,9.87590105239257
2012-02-13,10.0816489909841
2012-02-17,9.73873575999822
2012-02-21,8.75729367404835
2012-02-25,11.42553159036
2012-02-29,12.7254423701015
2012-03-04,9.67397724650567
2012-03-08,11.6087726958068
2012-03-12,12.5761704204574
2012-03-16,10.6507281967033
2012-03-20,11.0231312805041
2012-03-24,12.810666082748
2012-03-28,11.8424180648659
2012-04-01,12.1284618185812
2012-04-05,9.62191304274106
2012-04-09,12.209318230705
2012-04-13,9.88325160797756
2012-04-17,11.1382676851811
2012-04-21,11.5304602093072
2012-04-25,10.8245136658802
2012-04-29,12.4487382935262
2012-05-03,12.4487382935262
2012-05-07,12.8237002903192
2012-05-11,10.5974601790129
2012-05-15,11.2867258817129
2012-05-19,12.5790990742755
2012-05-23,10.4251437533379
2012-05-27,12.9712135181187
2012-05-31,11.5475437417398
2012-06-04,11.9430075685117
2012-06-08,11.7057292724486
2012-06-12,11.0180276735338
2012-06-16,12.5920316268957
2012-06-20,11.6726201299773
2012-06-24,12.0159324867414
2012-06-28,11.5867920407863
2012-07-02,13.8183223597526
2012-07-06,13.3209874109609
2012-07-10,13.1468568565692
2012-07-14,12.9727263021776
2012-07-18,14.009601065922
2012-07-22,12.8962552858487
2012-07-26,16.5146290710868
2012-07-30,18.730041758676
2012-08-03,17.5151201310862
2012-08-07,15.0852768759066
2012-08-11,15.996468096599
2012-08-15,18.623360014449
2012-08-19,17.2075490191985
2012-08-23,17.9699087858719
2012-08-27,18.0774253068439
2012-08-31,17.3494752944877
2012-09-04,15.5296002635974
2012-09-08,18.7490590191164
2012-09-12,18.8829808692529
2012-09-16,20.0882775204818
2012-09-20,20.9294479443629
2012-09-24,22.2108427164667
2012-09-28,23.3498602916702
2012-10-02,19.3632987784582
2012-10-06,21.5621828335442
2012-10-10,22.6251073394231
2012-10-14,20.9547974016134
2012-10-18,23.672520961597
2012-10-22,25.3525063201619
2012-10-26,24.5888766117233
2012-10-30,24.4748066399431
2012-11-03,23.4892439564555
2012-11-07,25.7888902179266
2012-11-11,21.6823790367281
2012-11-15,22.7748759110447
2012-11-19,20.5978657136654
2012-11-23,24.2820368169227
2012-11-27,25.9842619294715
2012-12-01,27.3518546626016
2012-12-05,20.5138909969512
2012-12-09,22.2233819133638
2012-12-13,22.7844398482441
2012-12-17,21.1091133888144
2012-12-21,20.2714501590996
2012-12-25,20.6065154509855
2012-12-29,19.8478843099254
2013-01-02,23.1064921817042
2013-01-06,21.0328326269359
2013-01-10,23.5842539588777
2013-01-14,24.8765418470353
2013-01-18,20.1919982524637
2013-01-22,20.6766062105229
2013-01-26,22.1367933340868
2013-01-30,21.3989002229506
2013-02-03,24.3504726674955
2013-02-07,24.0979857085511
2013-02-11,25.8890522139163
2013-02-15,28.6570640858445
2013-02-19,30.1278002487238
2013-02-23,29.4018291583931
2013-02-27,36.8430328342827
2013-03-03,33.0035006440194
2013-03-07,33.0035006440194
2013-03-11,40.3858626301816
2013-03-15,40.9662339897429
2013-03-19,47.472635858702
2013-03-23,50.6053478696824
2013-03-27,41.9392675675285
2013-03-31,52.2576587944602
2013-04-04,53.2562127841633
2013-04-08,64.4611452380131
2013-04-12,65.9868528176111
2013-04-16,69.8011217666059
2013-04-20,64.6866278222469
2013-04-24,78.0700680613325
2013-04-28,74.501150664243
2013-05-02,72.1289139986682
2013-05-06,81.6459234846036
2013-05-10,83.649504429011
2013-05-14,81.7498729685886
2013-05-18,81.7498729685886
2013-05-22,92.3161830801749
2013-05-26,97.2680490550696
2013-05-30,102.101244039172
2013-06-03,126.267218959687
2013-06-07,124.897393540757
2013-06-11,136.533796665672
2013-06-15,136.533796665672
2013-06-19,120.169967894673
2013-06-23,169.1993147957
2013-06-27,159.585717364126
2013-07-01,162.269499322626
2013-07-05,187.723538432058
2013-07-09,213.177577541489
2013-07-13,196.385104274522
2013-07-17,219.795249154928
2013-07-21,253.609902871071
2013-07-25,212.869496544479
2013-07-29,257.929462966303
2013-08-02,295.220469660226
2013-08-06,351.314048013107
2013-08-10,369.902092881525
2013-08-14,388.972530725659
2013-08-18,497.581743850356
2013-08-22,525.365496045046
2013-08-26,532.757874562586
2013-08-30,634.079924326022
2013-09-03,604.663845362444
2013-09-07,704.398591759124
2013-09-11,868.614214377815
2013-09-15,1024.57958056223
2013-09-19,1091.76512682861
2013-09-23,1237.33381040575
2013-09-27,1302.02028851433
2013-10-01,1449.97713948187
2013-10-05,1560.94477770752
2013-10-09,1721.88761457957
2013-10-13,2154.71182370886
2013-10-17,2382.30967540873
2013-10-21,2675.10751260981
2013-10-25,3194.15822401171
2013-10-29,3051.00854399733
2013-11-02,4216.99907036574
2013-11-06,4114.54971624979
2013-11-10,4266.94044648126
2013-11-14,4292.33890151984
2013-11-18,4968.79792970165
2013-11-22,5029.39302640533
2013-11-26,4968.79792970165
2013-11-30,5626.47303819572
2013-12-04,6224.28579850402
2013-12-08,6294.61671148146
2013-12-12,7495.62480414846
2013-12-16,8714.79269397984
2013-12-20,9121.1819905903
2013-12-24,9744.8657343946
2013-12-28,9627.45771349828
2014-01-01,11740.802089632
2014-01-05,12692.3566721614
2014-01-09,12762.8697647845
2014-01-13,18058.6488747028
2014-01-17,13610.7058021159
2014-01-21,15300.924169699
2014-01-25,16903.7992186766
2014-01-29,17230.9695261348
2014-02-02,19412.1049091899
2014-02-06,21761.8906024157
2014-02-10,19937.5404920335
2014-02-14,24889.3479344994
2014-02-18,25980.5116973035
2014-02-22,25513.79591831
2014-02-26,28158.5186659398
2014-03-02,28262.4181718192
2014-03-06,30728.2667371457
2014-03-10,31297.3087137595
2014-03-14,29367.8475506144
2014-03-18,30635.5244233027
2014-03-22,37185.1882655261
2014-03-26,39324.9976022039
2014-03-30,37084.9660932176
2014-04-03,51769.6170965723
2014-04-07,44415.1321567057
2014-04-11,45327.7718585558
2014-04-15,59321.5806202576
2014-04-19,56547.9844196814
2014-04-23,60711.0262174494
2014-04-27,57935.6650189374
2014-05-01,66817.8858733963
2014-05-05,49715.688893896
2014-05-09,66022.4348510939
2014-05-13,74817.9710179175
2014-05-17,80539.3452722289
2014-05-21,78338.8167128784
2014-05-25,78483.2567556605
2014-05-29,68088.1234105399
2014-06-02,93036.4434388293
2014-06-06,86494.3621241971
2014-06-10,103442.581729614
2014-06-14,102858.16036391
2014-06-18,113768.842858603
2014-06-22,129161.098068884
2014-06-26,114438.071346006
2014-06-30,104506.281189491
2014-07-04,133768.039922549
2014-07-08,135440.140421581
2014-07-12,137948.291170128
2014-07-16,142195.843578748
2014-07-20,146504.80853568
2014-07-24,128407.155716566
2014-07-28,126669.524399822
2014-08-01,142503.2149498
2014-08-05,122943.950152769
2014-08-09,169672.521356757
2014-08-13,153980.265046305
2014-08-17,161826.393201531
2014-08-21,199134.596112222
2014-08-25,158833.546899034
2014-08-29,196763.946158505
2014-09-02,194978.303194365
2014-09-06,229065.419137436
2014-09-10,212703.603484762
2014-09-14,252083.49301791
2014-09-18,274326.15416655
2014-09-22,232806.520022423
2014-09-26,260177.353092678
2014-09-30,261900.381921106
2014-10-04,246393.122465251
2014-10-08,225716.776524111
2014-10-12,257517.457245351
2014-10-16,260997.422883802
2014-10-20,240117.629053098
2014-10-24,291583.508500603
2014-10-28,268328.382055769
2014-11-01,286216.940859487
2014-11-05,314993.428436733
2014-11-09,273650.540954412
2014-11-13,287431.503448519
2014-11-17,299243.757014897
2014-11-21,248412.346336535
2014-11-25,256425.647831262
2014-11-29,302502.131425942
2014-12-03,242402.37021549
2014-12-07,242631.420394883
2014-12-11,288373.409485721
2014-12-15,304283.666560796
2014-12-19,243219.983474761
2014-12-23,317755.139700897
2014-12-27,313832.236741627
2014-12-31,313142.288941348
2015-01-04,335365.290092025
2015-01-08,272736.832303755
2015-01-12,358478.281006871
2015-01-16,325690.633353804
2015-01-20,262301.18122454
2015-01-24,264487.024401411
2015-01-28,324166.338971824
2015-02-01,348786.567248165
2015-02-05,301597.796385178
2015-02-09,342533.060667745
2015-02-13,309384.699957963
2015-02-17,342533.060667745
2015-02-21,304964.918529992
2015-02-25,362028.097735547
2015-03-01,348103.940130333
2015-03-05,264558.994499053
2015-03-09,311208.023870146
2015-03-13,327711.479681442
2015-03-17,337142.025859325
2015-03-21,337142.025859325
2015-03-25,385508.770219478
2015-03-29,350673.640380369
2015-04-02,341384.272423273
2015-04-06,317081.150318859
2015-04-10,349035.064692078
2015-04-14,388362.959305269
2015-04-18,326913.123972157
2015-04-22,338442.961883245
2015-04-26,352643.365878346
2015-04-30,314775.62189141
2015-05-04,312624.333322854
2015-05-08,350518.191907442
2015-05-12,374201.85352281
2015-05-16,303150.868676707
2015-05-20,344525.13582465
2015-05-24,342098.902473773
2015-05-28,320262.802315872
2015-06-01,332393.969070261
2015-06-05,335928.179909096
2015-06-09,383242.008065307
2015-06-13,373779.242434065
2015-06-17,350771.513242293
2015-06-21,301367.074757463
2015-06-25,395235.50787864
2015-06-29,336442.885099528
2015-07-03,397837.572161486
2015-07-07,363456.547406789
2015-07-11,356089.184959354
2015-07-15,391009.070859764
2015-07-19,363079.851512638
2015-07-23,378313.971156525
2015-07-27,402809.137596422
2015-07-31,361228.839521953
2015-08-04,374222.682670224
2015-08-08,411296.569970398
2015-08-12,322225.975199739
2015-08-16,385099.336214322
2015-08-20,406057.123219183
2015-08-24,423446.540478744
2015-08-28,401869.646696388
2015-09-01,409960.981864772
2015-09-05,427538.389387399
2015-09-09,399224.588765717
2015-09-13,396393.208703549
2015-09-17,399224.588765717
2015-09-21,389344.072709366
2015-09-25,477831.361961494
2015-09-29,510276.701353941
2015-10-03,459502.348135243
2015-10-07,408110.638146433
2015-10-11,453456.264607148
2015-10-15,493327.875053937
2015-10-19,502407.529196034
2015-10-23,466088.912627646
2015-10-27,478195.118150442
2015-10-31,470388.662470568
2015-11-04,479672.649229855
2015-11-08,433252.715433418
2015-11-12,477906.839865056
2015-11-16,576106.875453766
2015-11-20,520460.188620164
2015-11-24,549490.493161529
2015-11-28,527800.078957785
2015-12-02,531415.147991742
2015-12-06,621791.873840678
2015-12-10,770711.333847596
2015-12-14,692067.320189678
2015-12-18,629152.109263344
2015-12-22,654995.565676021
2015-12-26,864036.70365773
2015-12-30,803647.041574125
2016-01-03,769424.042921966
2016-01-07,743604.444166195
2016-01-11,877866.357696202
2016-01-15,693089.355237507
2016-01-19,839596.048214541
2016-01-23,1008642.23241881
2016-01-27,918901.018160999
2016-01-31,1068073.26136895
2016-02-04,1103874.59973886
2016-02-08,1153414.86436954
2016-02-12,1139086.72940843
2016-02-16,1067446.05460287
2016-02-20,1284099.85113956
2016-02-24,999647.352469403
2016-02-28,1210954.92291009
2016-03-03,1080919.49494659
2016-03-07,1220696.14747152
2016-03-11,1283699.81959909
2016-03-15,1197069.77042369
2016-03-19,1110630.46003795
2016-03-23,1242260.73678319
2016-03-27,1258714.52137634
2016-03-31,1028361.53707217
2016-04-04,1360254.32899737
2016-04-08,1169486.9535892
2016-04-12,1260723.52443658
2016-04-16,1270146.99973955
2016-04-20,1465554.23046307
2016-04-24,1172443.38437046
2016-04-28,1207843.18309188
2016-05-02,1394348.38048107
2016-05-06,1438754.37985945
2016-05-10,1403229.58035675
2016-05-14,1390530.16700974
2016-05-18,1487094.76194097
2016-05-22,1776788.54673466
2016-05-26,1357376.35658448
2016-05-30,1436639.20952372
2016-06-03,1406915.6396715
2016-06-07,1406915.6396715
2016-06-11,1520417.53468438
2016-06-15,1500925.00218843
2016-06-19,1725089.1258919
2016-06-23,1457676.2183949
2016-06-27,1530560.02931465
2016-07-01,1634679.7592
2016-07-05,1538177.1269472
2016-07-09,1580609.5994147
2016-07-13,1379055.35519404
2016-07-17,1580609.5994147
2016-07-21,1411498.38259309
2016-07-25,1400885.61279915
2016-07-29,1560077.15970815
2016-08-02,1555605.72192362
2016-08-06,1676039.71329835
2016-08-10,1525497.22407993
2016-08-14,1645931.21545466
2016-08-18,1664092.25424309
2016-08-22,1718121.2235367
2016-08-26,1426364.78935122
2016-08-30,1810682.89469399
2016-09-03,1382703.30140268
2016-09-07,1668023.03026355
2016-09-11,1799709.05896857
2016-09-15,1728836.79695677
2016-09-19,1493086.32464449
2016-09-23,1526764.96354624
2016-09-27,2026558.28894994
2016-10-01,1882660.65896533
2016-10-05,2002575.35061917
2016-10-09,2056197.68456892
2016-10-13,1644958.14765514
2016-10-17,1606404.44106947
2016-10-21,2107602.62668314
2016-10-25,1752432.967869
2016-10-29,1878507.28210418
2016-11-02,1676788.3793279
2016-11-06,1949214.67726041
2016-11-10,2126416.01155681
2016-11-14,2177044.96421293
2016-11-18,2073243.13718006
2016-11-22,1877125.54312249
2016-11-26,2157293.53463331
2016-11-30,1989192.73972682
2016-12-04,2109770.13119712
2016-12-08,2238066.96349964
2016-12-12,2223811.75991047
2016-12-16,2050571.62855749
2016-12-20,2127660.78752582
2016-12-24,2112242.95573216
2016-12-28,2589949.6705277
2017-01-01,2463610.66220928
2017-01-05,2210932.64557243
2017-01-09,2147763.14141322
2017-01-13,2528855.36111398
2017-01-17,2646087.06659608
2017-01-21,3031276.95603728
2017-01-25,2930146.45884887
2017-01-29,3262229.72418507
2017-02-02,3066886.62692848
2017-02-06,2623276.58868094
2017-02-10,3105959.48099823
2017-02-14,3546669.94789663
2017-02-18,3330515.74407375
2017-02-22,3045669.00280428
2017-02-26,3900209.22661268
2017-03-02,3440072.18302354
2017-03-06,3252505.60193699
2017-03-10,3573175.16832514
2017-03-14,3573175.16832514
2017-03-18,3712647.13922469
2017-03-22,3807236.87525589
2017-03-26,3925474.04529489
2017-03-30,4073274.03319987
2017-04-03,4371318.47465352
2017-04-07,4023599.95962426
2017-04-11,4147785.14356328
2017-04-15,3909321.04724491
2017-04-19,3702204.70037101
2017-04-23,3961100.13396339
2017-04-27,3814281.63369607
2017-05-01,3892124.1160164
2017-05-05,3347226.73977411
2017-05-09,4021861.58655028
2017-05-13,4398136.0431084
2017-05-17,4314627.13089748
2017-05-21,4091936.69833503
2017-05-25,4828620.58576969
2017-05-29,4473139.31565167
2017-06-02,4325022.11976917
2017-06-06,5094943.56098801
2017-06-10,4757530.08012788
2017-06-14,4723788.73204186
2017-06-18,5129905.64429561
2017-06-22,4917633.68660062
2017-06-26,5023769.66544811
2017-06-30,5448313.58083809
2017-07-04,5389830.93070805
2017-07-08,5812562.76841065
2017-07-12,6235294.60611324
2017-07-16,6518885.7883663
2017-07-20,6478892.62402049
2017-07-24,7118783.25355338
2017-07-28,6414280.01814729
2017-08-01,6371518.15135964
2017-08-05,7568850.42141381
2017-08-09,6333394.73736857
2017-08-13,6792336.38500398
2017-08-17,8215055.49267373
2017-08-21,5277828.94780714
2017-08-25,4459277.5076504
2017-08-29,6578538.10534563
2017-09-02,7240807.04212539
2017-09-06,7430760.7659943
2017-09-10,6329907.31918033
2017-09-14,7981187.48940129
2017-09-18,6965995.45167762
2017-09-22,7624199.74632432
2017-09-26,7569349.3884371
2017-09-30,7569349.3884371
2017-10-04,7486251.28872091
2017-10-08,10167893.5413971
2017-10-12,8547734.68040521
2017-10-16,10351762.4275025
2017-10-20,10649226.8650745
2017-10-24,9935312.21490186
2017-10-28,6138789.85774571
2017-11-01,7872095.2293445
2017-11-05,10183169.0581429
2017-11-09,11049821.7439423
2017-11-13,9495610.53578818
2017-11-17,11326906.8534045
2017-11-21,11733861.5906525
2017-11-25,10445729.4715075
2017-11-29,11584046.1446846
2017-12-03,11784925.5575982
2017-12-07,11941671.1962486
2017-12-11,13523349.5003875
2017-12-15,13365181.6699736
2017-12-19,13035760.950516
2017-12-23,12942648.372298
2017-12-27,14525562.2020035
2017-12-31,15177350.2495293
2018-01-04,16127548.7258182
2018-01-08,15935554.0981299
2018-01-12,17087521.8642597
2018-01-16,17608758.1817911
2018-01-20,19712949.4110618
2018-01-24,19491455.5974543
2018-01-28,20445148.5647756
2018-02-01,20703947.9136968
2018-02-05,23938939.775212
2018-02-09,19291612.224166
2018-02-13,23435736.3315795
2018-02-17,21292223.8622277
2018-02-21,25265138.8267172
2018-02-25,25564134.5524772
2018-03-01,24667147.3751973
2018-03-05,24372959.7309369
2018-03-09,23882228.9980992
2018-03-13,25845151.9294498
2018-03-17,24372959.7309369
2018-03-21,26162835.2122593
2018-03-25,23236728.6424672
2018-03-29,26162835.2122593
2018-04-02,27227579.6162083
2018-04-06,24085935.8143381
2018-04-10,28623865.7503728
2018-04-14,26146926.5194725
2018-04-18,30536556.519092
2018-04-22,30536556.519092
2018-04-26,26910340.4324498
2018-04-30,30990335.3016848
2018-05-04,27591395.3008549
2018-05-08,27791332.9479625
2018-05-12,33988897.1882526
2018-05-16,36872803.6163467
2018-05-20,29663037.5461113
2018-05-24,30616246.3183454
2018-05-28,33399541.438195
2018-06-01,35540537.6842331
2018-06-05,42980660.1034435
2018-06-09,35121339.3988139
2018-06-13,35121339.3988139
2018-06-17,38559792.2070893
2018-06-21,42908653.8315633
2018-06-25,39627403.832679
2018-06-29,38112980.7562709
2018-07-03,30929068.6931155
2018-07-07,41594264.7941898
2018-07-11,35995036.8411258
2018-07-15,35461777.0360721
2018-07-19,44021066.1135111
2018-07-23,42733900.4376774
2018-07-27,42991333.5728441
2018-07-31,43474975.9754299
2018-08-04,52051671.9161698
2018-08-08,46432457.3343105
2018-08-12,49230273.0794216
2018-08-16,50183117.0745072
2018-08-20,47642199.754279
2018-08-24,47211617.4407006
2018-08-28,51165065.369764
2018-09-01,50496240.9858456
2018-09-05,44142409.33862
2018-09-09,56874984.6776413
2018-09-13,51641090.3821529
2018-09-17,47105048.6593962
2018-09-21,51200543.8778585
2018-09-25,60089527.1899868
2018-09-29,54045018.5377396
2018-10-03,51556103.2103437
2018-10-07,52623567.2251537
2018-10-11,58923571.7521087
2018-10-15,60035337.2568655
2018-10-19,50702736.5834647
2018-10-23,54987474.8862927
2018-10-27,48560367.4320507
2018-10-31,58201028.6134137
2018-11-04,44285199.6469399
2018-11-08,43213783.5264494
2018-11-12,49999418.9562224
2018-11-16,44946674.6331138
2018-11-20,43657349.0874779
2018-11-24,47295461.5114344
2018-11-28,39027024.1842606
2018-12-02,37704074.2119128
2018-12-06,37892374.8161739
2018-12-10,34804847.9793004
2018-12-14,40979901.6530473
2018-12-18,35766529.4260719
2018-12-22,44422290.5748598
2018-12-26,39853140.68716
2018-12-30,44676132.2352876
2019-01-03,43291796.7608921
2019-01-07,39381569.9566825
2019-01-11,41336683.3587873
2019-01-15,38609293.9848521
2019-01-19,38901788.6362525
2019-01-23,42704219.1044576
2019-01-27,40071767.241854
2019-01-31,44802503.958942
2019-02-04,42490116.6578353
2019-02-08,47114891.2600487
2019-02-12,38568926.138295
2019-02-16,45197960.3183144
2019-02-20,39171565.6092058
2019-02-24,41298258.2978092
2019-02-28,45274965.6436762
2019-03-04,41351135.2878909
2019-03-08,44067633.2265115
2019-03-12,43141131.5892332
2019-03-16,49174856.287028
2019-03-20,48571483.8172485
2019-03-24,47490106.9905989
2019-03-28,46298790.8217788
2019-04-01,43127640.7654926
2019-04-05,50104170.8893222
2019-04-09,41949459.1204562
2019-04-13,42902855.9186484
2019-04-17,43856252.7168405
2019-04-21,51199133.0238072
2019-04-25,45160953.3019234
2019-04-29,51477170.5469476
2019-05-03,48003251.0621843
2019-05-07,42312167.3509307
2019-05-11,43311667.3670944
2019-05-15,49641834.1361313
2019-05-19,54326123.0260958
2019-05-23,52659677.5344978
2019-05-27,55659279.4193742
2019-05-31,43386260.5763838
2019-06-04,57106701.9552403
2019-06-08,45982019.7561675
2019-06-12,48577778.9359511
2019-06-16,47882020.4805591
2019-06-20,53038545.7630809
2019-06-24,65193212.5004535
2019-06-28,64293187.5738079
2019-07-02,62321003.9058997
2019-07-06,70209738.5775326
2019-07-10,58125055.9333793
2019-07-14,65334365.1964341
2019-07-18,54520401.3018519
2019-07-22,71191928.9726661
2019-07-26,74380911.3910783
2019-07-30,63627044.6839344
2019-08-03,77517455.8473286
2019-08-07,75945274.2994312
2019-08-11,75945274.2994312
2019-08-15,77930771.6667366
2019-08-19,82514504.7903757
2019-08-23,77452265.232684
2019-08-27,68340234.0288388
2019-08-31,84033176.6576833
2019-09-04,72825124.7697365
2019-09-08,94779757.9723776
2019-09-12,84605659.6589586
2019-09-16,96346803.0777296
2019-09-20,89253786.9002281
2019-09-24,92800294.9889788
2019-09-28,100852756.01995
2019-10-02,93875521.3267456
2019-10-06,94509815.3897642
2019-10-10,103681264.292523
2019-10-14,87295825.4578357
2019-10-18,103461719.061139
2019-10-22,109281440.758328
2019-10-26,95285003.0093039
2019-10-30,91201360.0231908
2019-11-03,93923788.6805996
2019-11-07,91737090.3690835
2019-11-11,95479548.6213797
2019-11-15,99905752.8621059
2019-11-19,92950289.0552504
2019-11-23,111568229.030169
2019-11-27,89641525.0589222
2019-12-01,89641525.0589222
2019-12-05,93386357.4980277
2019-12-09,94736471.2539258
2019-12-13,97296916.4229509
2019-12-17,90255692.208132
2019-12-21,113287340.369223
2019-12-25,82390792.9957983
2019-12-29,99770100.8933494
2020-01-02,96717718.3123778
2020-01-06,92602070.7246171
2020-01-10,102205248.429392
2020-01-14,99607271.2200415
2020-01-18,96958912.29362
2020-01-22,114587805.437915
2020-01-26,105038821.651422
2020-01-30,119936535.919975
2020-02-03,113785944.334335
2020-02-07,106866528.80049
2020-02-11,114190850.876276
2020-02-15,109742275.18922
2020-02-19,108969442.265353
2020-02-23,109742275.18922
2020-02-27,113169220.498612
2020-03-02,114708937.784307
2020-03-06,119328089.641393
2020-03-10,108616241.391911
2020-03-14,105324840.13761
2020-03-18,82285031.3575081
2020-03-22,104501989.824035
2020-03-26,112492821.358516
2020-03-30,101664512.290166
2020-04-03,91290582.4646392
2020-04-07,116188014.045904
2020-04-11,116308064.119463
2020-04-15,123623036.705593
2020-04-19,111187583.309172
2020-04-23,112649865.245436
2020-04-27,111856556.335257
2020-05-01,111856556.335257
2020-05-05,126294576.814336
2020-05-09,108878107.851694
2020-05-13,95268344.370232
2020-05-17,81658580.8887703
2020-05-21,98579623.7035512
2020-05-25,94064526.4346863
2020-05-29,95569558.8576412
2020-06-02,97074591.2805962
2020-06-06,133797229.464477
2020-06-10,111952783.837623
2020-06-14,116048617.392658
2020-06-18,97298323.0370428
2020-06-22,112206937.050783
2020-06-26,128684878.855444
2020-06-30,115344676.145677
2020-07-04,123188120.488637
2020-07-08,118480294.227925
2020-07-12,119264931.938044
2020-07-16,117268964.179098
2020-07-20,121580323.15627
2020-07-24,138825759.064961
2020-07-28,121437040.395232
2020-08-01,114737065.752737
2020-08-05,108037091.110241
2020-08-09,130649505.528664
2020-08-13,123844534.076575
2020-08-17,105309977.956271
2020-08-21,130584372.66577661
2020-08-25,111720008.69546376
2020-08-29,127430634.91826336
2020-09-02,125685009.78239675
2020-09-06,130921885.1899966
2020-09-10,136239328.01257572
2020-09-14,151760264.11527425
2020-09-18,142275247.6080696
2020-09-22,123857644.31701957
2020-09-26,144020516.64769718
2020-09-30,149781337.3136051
2020-10-04,151592064.050859
2020-10-08,155408725.01316798
2020-10-12,142937654.4874199
2020-10-16,148693533.1916113
2020-10-20,143146506.838782
2020-10-24,151099090.55204767
2020-10-28,99407296.41582084
2020-11-01,124259120.51977606
2020-11-05,122675182.48120748
2020-11-09,154387134.41512507
2020-11-13,115998982.07406694
2020-11-17,137334450.8705656
2020-11-21,147831351.5740483
2020-11-25,135584967.41998515
2020-11-29,135399801.26976258
2020-12-03,149512250.29219317
2020-12-07,142846099.00528008
2020-12-11,131418411.08485769
2020-12-15,129933875.82961763
2020-12-19,146639659.8648542
2020-12-23,142927263.41257942
2020-12-27,137358668.73416725
2020-12-31,153482070.38176647
2021-01-04,159954205.87979275
2021-01-08,136839436.24398455
2021-01-12,151611247.4016758
2021-01-16,150586847.08139417
2021-01-20,144440445.1597046
2021-01-24,143884925.38771522
2021-01-28,150095785.47639358
2021-02-01,124217201.7735671
2021-02-05,174939225.83110696
2021-02-09,152367873.16992718
2021-02-13,167285007.6061438
2021-02-17,147040325.15699264
2021-02-21,152267677.07260144
2021-02-25,168466366.12287825
2021-03-01,140388638.43573186
2021-03-05,160906977.89941573
2021-03-09,149267953.88308737
2021-03-13,152466552.89486787
2021-03-17,145003155.2007135
2021-03-21,169563074.61598912
2021-03-25,167389189.0439892
2021-03-29,164128360.68598944
2021-04-02,160517766.38346806
2021-04-06,165624244.467784
2021-04-10,180576433.20445892
2021-04-14,155272729.1885475
2021-04-18,145361065.33971703
2021-04-22,167634131.8030608
2021-04-26,133638398.78006244
2021-04-30,169978665.11499172
2021-05-04,185429301.3867602
2021-05-08,175184588.60296133
2021-05-12,176209059.88134116
2021-05-16,164348929.98192218
2021-05-20,139447576.95435822
2021-05-24,156878524.07365298
2021-05-28,148163050.51400563
2021-06-01,148572947.38247102
2021-06-05,137063775.4021388
2021-06-09,131832333.59289683
2021-06-13,136724465.12868512
2021-06-17,128812374.13671976
2021-06-21,104040763.72581212
2021-06-25,108995085.80799364
2021-06-29,89177797.47926754
2021-07-03,98706076.21227616
2021-07-07,87820755.10899657
2021-07-11,89248734.86686642
2021-07-15,91390704.50367121
2021-07-19,115543619.13247934
2021-07-23,91755226.95814537
2021-07-27,115543619.13247934
2021-07-31,112465862.12588961
2021-08-04,98004603.29610927
2021-08-08,113858289.12342106
2021-08-12,108813934.5420037
2021-08-16,124500915.70761941
2021-08-20,123727618.0945286
2021-08-24,119087832.41598378
2021-08-28,123466373.91035247
2021-09-01,119963781.7426829
2021-09-05,143606278.8744525
2021-09-09,125412870.36132078
2021-09-13,145552163.4120438
2021-09-17,134567094.4752858
2021-09-21,113928907.44351819
2021-09-25,135990412.4848306
2021-09-29,122769122.38213871
2021-10-03,141656679.6716985
2021-10-07,139433297.2697835
2021-10-11,144377740.43537864
2021-10-15,139433297.2697835
2021-10-19,154737198.72913387
2021-10-23,144754153.64983496
2021-10-27,156733807.7449937
2021-10-31,140175299.14944655
2021-11-04,153966937.6477702
2021-11-08,145353402.67446837
2021-11-12,152890245.77610743
2021-11-16,169070703.34607086
2021-11-20,163435013.23453516
2021-11-24,176960669.50222084
2021-11-28,155225116.619112
2021-12-02,172098304.91522342
2021-12-06,190973602.87366727
2021-12-10,173208616.55983782
2021-12-14,178007627.4567432
2021-12-18,153952542.66529143
2021-12-22,178007627.4567432
2021-12-26,161682278.52670813
2021-12-30,143583516.00506175
2022-01-03,168921783.5353667
2022-01-07,168921783.5353667
2022-01-11,191422128.4364691
2022-01-15,201114388.10413846
2022-01-19,209595115.3133491
2022-01-23,186746029.1281284
2022-01-27,173501629.89918315
2022-01-31,189394908.97391748
2022-02-04,172445464.54596007
2022-02-08,204326154.12338364
2022-02-12,248110330.00696588
2022-02-16,206979740.54057044
2022-02-20,200196675.81507933
2022-02-24,183513619.49715608
2022-02-28,214099222.7466821
2022-03-04,190365286.64550212
2022-03-08,202691096.5721893
2022-03-12,213647372.0625779
2022-03-16,212277837.6262793
2022-03-20,210160951.25482893
2022-03-24,195149454.73662692
2022-03-28,216984358.7631026
2022-04-01,200371606.28467658
2022-04-05,206055907.17218518
2022-04-09,217424508.94720227
2022-04-13,198950531.06279945
2022-04-17,231514552.3256366
2022-04-21,237127026.3214096
2022-04-25,227305196.82880685
2022-04-29,222163205.20796743
2022-05-03,222163205.20796743
2022-05-07,211795588.96492898
2022-05-11,225257597.8912952
2022-05-15,189527082.3637104
2022-05-19,189527082.3637104
2022-05-23,248560108.0179809
2022-05-27,205096744.96660265
2022-05-31,216986411.34147817
2022-06-04,206582953.2634621
2022-06-08,266405768.7361438
2022-06-12,191184617.31646615
2022-06-16,179141491.81621632
2022-06-20,198711570.75412232
2022-06-24,189622396.21199957
2022-06-28,214611394.16241816
2022-07-02,202851865.7151624
2022-07-06,186682514.1001857
2022-07-10,221726603.8502846
2022-07-14,179699992.6629758
2022-07-18,189844347.0874986
2022-07-22,181711862.6387281
2022-07-26,220256803.19845834
2022-07-30,177582047.57875702
2022-08-03,199607727.89860287
2022-08-07,222690688.3419183
2022-08-11,196079851.3702425
2022-08-15,203082703.20489404
2022-08-19,250867150.78611156
2022-08-23,242410954.69219768
2022-08-27,204358072.2695853
2022-08-31,219862688.89188153
2022-09-04,258699436.01770127
2022-09-08,195564454.60861945
2022-09-12,235601272.08754936
2022-09-16,203901883.4393143
2022-09-20,242133486.58418575
2022-09-24,232575585.79796788
2022-09-28,234283743.87934902
2022-10-02,244753784.95094424
2022-10-06,247871667.56178424
2022-10-10,281762541.4868823
2022-10-14,276154660.02324307
2022-10-18,251371549.5083366
2022-10-22,240750216.43051958
2022-10-26,283822315.2658024
2022-10-30,247200081.03795698
2022-11-03,300302320.6683329
2022-11-07,263186945.48747677
2022-11-11,244879481.2695022
2022-11-15,283256116.39382714
2022-11-19,268636445.8702748
2022-11-23,258991482.2471786
2022-11-27,249807387.13203046
2022-12-01,281033310.52353424
2022-12-05,268175577.36232677
2022-12-09,258748833.58216918
2022-12-13,280878668.0332757
2022-12-17,234916704.1732852
2022-12-21,251387886.90897432
2022-12-25,247871972.40675086
2022-12-29,247871972.40675086
2023-01-02,274241331.1734265
2023-01-06,305064103.23047346
2023-01-10,286421296.9219445
2023-01-14,289810898.0689498
2023-01-18,261608422.14007932
2023-01-22,282163369.59394276
2023-01-26,289637895.9408021
2023-01-30,269948142.5149194
2023-02-03,260167412.7136542
2023-02-07,277772726.3559315
2023-02-11,291465748.0777028
2023-02-15,317275458.3617154
2023-02-19,315328983.1570423
2023-02-23,332847259.9991002
2023-02-27,299630548.4861114
2023-03-03,359556658.1833338
2023-03-07,353136003.57291716
2023-03-11,357219695.9219277
2023-03-15,318250274.5486265
2023-03-19,320415242.4026988
2023-03-23,398152679.74955547
2023-03-27,344632512.6727259
2023-03-31,328332326.2625294
2023-04-04,377232885.49311894
2023-04-08,349935510.5526316
2023-04-12,380882188.3566059
2023-04-16,295183695.97636956
2023-04-20,319313867.4340018
2023-04-24,341432463.6274834
2023-04-28,355961504.6329083
2023-05-02,312374381.6166337
2023-05-06,355568840.1119249
2023-05-10,405682569.25521636
2023-05-14,415228041.47298616
2023-05-18,344768089.144806
2023-05-22,354690591.1309403
2023-05-26,376858753.07662404
2023-05-30,379321882.1817001
2023-06-03,331093463.8956832
2023-06-07,343827827.89167106
2023-06-11,415140266.2692028
2023-06-15,385148460.1631553
2023-06-19,369534333.3997841
2023-06-23,325294307.5702325
2023-06-27,364329624.47866035
2023-07-01,334845664.7949681
2023-07-05,390233669.4978951
2023-07-09,425480581.581576
2023-07-13,321592673.51184636
2023-07-17,364471696.6467593
2023-07-21,300153161.94439
2023-07-25,369831574.5386234
2023-07-29,343365594.25571066
2023-08-02,400593193.2983291
2023-08-06,426605738.3177011
2023-08-10,330756213.4390739
2023-08-14,445348917.3077294
2023-08-18,362008769.0396163
2023-08-22,380936887.22817194
2023-08-26,378799106.9943814
2023-08-30,348384580.1554164
2023-09-03,436863203.68695074
2023-09-07,393005453.9397736
2023-09-11,427999090.2494795
2023-09-15,506061817.40190023
2023-09-19,385677556.7313763
2023-09-23,442953295.78705144
2023-09-27,445792739.99081457
2023-10-01,400361632.7306042
2023-10-05,401774935.7811363
2023-10-09,444516950.225938
2023-10-13,393226532.892176
2023-10-17,491483968.444345
2023-10-21,455077748.5595787
2023-10-25,436874638.6171956
2023-10-29,415637677.0177486
2023-11-02,447130946.6720681
2023-11-06,394344654.35661566
2023-11-10,478181706.85762835
2023-11-14,443696225.37862045
2023-11-18,479063315.80735093
2023-11-22,456556985.5345224
2023-11-26,492891191.48160595
2023-11-30,452678810.6117344
2023-12-04,523621012.2747674
2023-12-08,456057010.69092655
2023-12-12,481794448.2864064
2023-12-16,508560806.52454
2023-12-20,485140243.06617314
2023-12-24,612085087.5512694
2023-12-28,433112839.72926086
2024-01-01,554813968.2482265
2024-01-05,493963403.98874366
2024-01-09,553078468.1633366
2024-01-13,578549187.0919114
2024-01-17,440279570.0510773
2024-01-21,489551347.763542
2024-01-25,632919956.7514365
2024-01-29,545500073.2222326
2024-02-02,676117474.0216229
2024-02-06,638049611.833403
2024-02-10,570491417.639278
2024-02-14,521699388.49907666
2024-02-18,491572989.4556458
2024-02-22,548449203.1116709
2024-02-26,540324029.7322387
2024-03-01,608054004.3789
2024-03-05,658743347.9554589
2024-03-09,642965064.1720946
2024-03-13,631131351.3345715
2024-03-17,609268716.2671757
2024-03-21,500768807.8908293
2024-03-25,550845688.6799122
2024-03-29,595046224.9834774
2024-04-02,611575286.7885739
2024-04-06,640501144.9474928
2024-04-10,626404079.729565
2024-04-14,674220573.4624075
2024-04-18,622687790.7773827
2024-04-22,652748580.6769805
2024-04-26,578118168.6740619
2024-04-30,617535316.5382024
2024-05-04,617535316.5382024
2024-05-08,556219753.1939834
2024-05-12,545599184.5546882
2024-05-16,586932456.1118613
2024-05-20,644799036.2919042
2024-05-24,671140034.7624127
2024-05-28,562079779.1135205
2024-06-01,591442155.634376
2024-06-05,515938901.7236049
2024-06-09,636721355.302943
2024-06-13,603428735.4178218
2024-06-17,582620847.9896209
2024-06-21,582332779.002438
2024-06-25,515780461.4021594
2024-06-29,653044616.4527341
2024-07-03,603130378.2525251
2024-07-07,557193590.72128
2024-07-11,553241863.127512
2024-07-15,604614321.8464954
2024-07-19,599556361.5235602
2024-07-23,689285885.0168821
2024-07-27,628106664.4532535
2024-07-31,613215974.0238556
2024-08-04,644509048.8165007
2024-08-08,581410260.8204794
2024-08-12,617466711.1039201
2024-08-16,613213426.3989986
2024-08-20,647760661.689083
2024-08-24,660715874.9228647
2024-08-28,703794017.3679069
2024-09-01,631567802.399059
2024-09-05,689387389.9426349
2024-09-09,644910784.1398844
2024-09-13,566627672.3067043
2024-09-17,691009356.4715909
2024-09-21,621908420.8244318
2024-09-25,657005311.2676694
2024-09-29,681164035.1378452
2024-10-03,694347855.1727712
2024-10-07,681164035.1378452
2024-10-11,640613423.0024583
2024-10-15,713826385.6313109
2024-10-19,791615158.4244666
2024-10-23,718143298.2753785
2024-10-27,765702457.1015625
2024-10-31,751434709.4537071
2024-11-04,720519107.2542773
2024-11-08,717510664.7072663
2024-11-12,737722232.7271894
2024-11-16,793304044.7819778
2024-11-20,747470602.2973549
2024-11-24,681367759.9173166
2024-11-28,722046432.1511863
2024-12-02,649582756.2207783
2024-12-06,702558736.3396405
2024-12-10,795544451.4434165
2024-12-14,821373816.7500207
2024-12-18,776835370.7386113
2024-12-22,836176961.5589218
2024-12-26,706704399.7691535
2024-12-30,867710155.9849901
2025-01-03,774936114.1501169
2025-01-07,731277741.5219413
2025-01-11,753106927.8360293
2025-01-15,763192579.4414012
2025-01-19,823589114.5051093
2025-01-23,746720797.1512991
2025-01-27,841602268.6110247
2025-01-31,671743783.1087936
2025-02-04,703987484.6980155
2025-02-08,859832042.3792553
2025-02-12,754813012.7554775
2025-02-16,856968157.3389257
2025-02-20,737787155.324903
2025-02-24,714530229.8374169
2025-02-28,857436275.8049003
2025-03-04,802472411.9712528
2025-03-08,753004934.5209701
2025-03-12,852972260.0961236
2025-03-16,808372403.3590714
2025-03-20,791647457.0826768
2025-03-24,870857131.0489082
2025-03-28,870857131.0489082
2025-04-01,763413718.7766403
2025-04-05,948981343.907835
2025-04-09,791264255.7881161
2025-04-13,1038911847.2943201
2025-04-17,924148329.2792498
2025-04-21,771877846.401681
2025-04-25,882146110.1733494
2025-04-29,894398139.4813126
2025-05-03,999957994.4593519
2025-05-07,894116485.453914
2025-05-11,882273882.9975705
2025-05-15,864509979.3130558
2025-05-19,852722089.09428
2025-05-23,937389530.5646338
2025-05-27,852722089.09428
2025-05-31,1016284104.8877773
2025-06-04,795352777.73826
2025-06-08,965785515.8250304
2025-06-12,934223897.6608136
2025-06-16,917456209.4405266
2025-06-20,948875942.6405447
2025-06-24,735221756.880422
2025-06-28,911172262.800523
2025-07-02,889547992.701345
2025-07-06,930246266.8772235
2025-07-10,994200697.7250328
2025-07-14,910161831.228891
2025-07-18,903884853.0824848
2025-07-22,941546721.960922
2025-07-26,970032969.1338755
2025-07-30,869131963.3112651
2025-08-03,983324484.0382924
2025-08-07,1021388657.6139685
2025-08-11,945836287.6602162
2025-08-15,862190901.6766596
2025-08-19,862190901.6766596
2025-08-23,980001769.6141683
2025-08-27,967107009.4876657
2025-08-31,851054168.3491462
2025-09-04,902633208.8551546
2025-09-08,1082012601.5468137
2025-09-12,811509451.1601102
2025-09-16,1082012601.5468137
2025-09-20,1082611043.2192645
2025-09-24,1082611043.2192645
2025-09-28,1167521713.2756777
2025-10-02,1019764936.475331
2025-10-06,922287405.7828363
2025-10-10,989771850.1084098
2025-10-14,1267207899.0024335
2025-10-18,1203393599.4625034
2025-10-22,1115874064.956139
2025-10-26,1072114297.7029574
2025-10-30,1240553837.6668227
2025-11-03,1100991530.929305
2025-11-07,1100991530.929305
2025-11-11,1186279607.2688992
2025-11-18,1006737198.683799
2025-11-22,1082431724.900626
2025-11-26,1241390229.9559624
2025-11-30,1239441135.1156871
2025-12-04,979678022.9656931
2025-12-08,1098426874.2342618
2025-12-12,1068190154.3848839
2025-12-16,1082923811.686744
2025-12-20,1082923811.686744
2025-12-24,1171325755.4979067
2025-12-28,1142344841.882498
2026-01-01,1112864974.9952078
2026-01-05,972835607.2805791
2026-01-09,1033929118.9983668
2026-01-13,982960782.146335
2026-01-17,1084897455.850399
2026-01-21,997523164.104058
2026-01-25,760574860.3057833
2026-01-29,901422056.6587061
2026-02-02,830998458.4822448
2026-02-06,1021142173.5586905
2026-02-10,900973830.4794525
2026-02-14,1038622610.1360354
2026-02-18,957284694.8844184
2026-02-22,1177205689.6625803
2026-02-26,1004931686.2973247
2026-03-02,976219352.4031156
2026-03-06,1052672432.0364789
2026-03-10,994991750.8290006
2026-03-14,922890899.3196526
2026-03-18,1002201835.9799352
2026-03-22,1077444735.2152646
2026-03-26,1097397415.4970288
2026-03-30,904521506.1066417
2026-04-03,898750099.8899364
2026-04-07,953315133.8739818
2026-04-11,849693923.6702881
2026-04-15,863510085.0307804
2026-04-19,1064992343.9283061
2026-04-23,815595402.6286399
2026-04-27,930183186.4690272
2026-05-01,1064992343.9283061
2026-05-05,987782908.3676875
2026-05-09,1126072515.5391636
2026-05-13,915345495.0873903
2026-05-17,950708405.5706699
2026-05-21,862428339.3391081
2026-05-25,1120477763.7082896
2026-05-29,959580184.8628848
