date,market-cap
2009-01-03 18:15:05,0.0
2009-01-15 18:51:44,0.0
2009-01-21 07:11:45,0.0
2009-01-25 21:10:12,0.0
2009-01-31 10:15:32,0.0
2009-02-05 05:13:19,0.0
2009-02-10 00:05:07,0.0
2009-02-14 20:38:32,0.0
2009-02-19 22:08:55,0.0
2009-02-25 06:47:21,0.0
2009-03-03 01:35:01,0.0
2009-03-08 17:14:52,0.0
2009-03-14 06:30:27,0.0
2009-03-19 12:08:55,0.0
2009-03-25 07:40:38,0.0
2009-03-30 15:55:05,0.0
2009-04-05 10:49:01,0.0
2009-04-11 05:00:03,0.0
2009-04-16 10:49:34,0.0
2009-04-21 14:28:18,0.0
2009-04-27 08:41:44,0.0
2009-05-02 09:07:13,0.0
2009-05-07 13:16:28,0.0
2009-05-13 08:36:43,0.0
2009-05-18 10:52:42,0.0
2009-05-25 20:00:16,0.0
2009-05-31 12:58:04,0.0
2009-06-10 08:28:06,0.0
2009-06-18 01:04:51,0.0
2009-06-26 01:45:08,0.0
2009-07-04 02:59:37,0.0
2009-07-11 22:00:30,0.0
2009-07-22 10:22:43,0.0
2009-08-06 00:41:15,0.0
2009-08-14 01:09:58,0.0
2009-08-31 08:35:40,0.0
2009-09-09 09:19:48,0.0
2009-09-18 19:12:33,0.0
2009-09-27 13:12:22,0.0
2009-10-06 21:44:37,0.0
2009-10-16 09:02:35,0.0
2009-10-24 00:06:56,0.0
2009-11-04 03:12:30,0.0
2009-11-13 09:46:28,0.0
2009-11-20 13:20:43,0.0
2009-11-27 11:00:24,0.0
2009-12-06 06:01:57,0.0
2009-12-12 00:18:22,0.0
2009-12-17 07:51:12,0.0
2009-12-20 09:48:09,0.0
2009-12-24 02:32:46,0.0
2009-12-27 22:49:35,0.0
2010-01-01 08:55:54,0.0
2010-01-05 10:26:21,0.0
2010-01-09 05:12:04,0.0
2010-01-12 23:44:29,0.0
2010-01-17 07:30:25,0.0
2010-01-21 17:23:05,0.0
2010-01-25 13:14:02,0.0
2010-01-28 22:17:54,0.0
2010-02-01 03:29:05,0.0
2010-02-04 06:02:14,0.0
2010-02-07 05:32:14,0.0
2010-02-10 03:24:09,0.0
2010-02-13 12:38:28,0.0
2010-02-16 17:17:13,0.0
2010-02-19 16:32:36,0.0
2010-02-22 09:21:59,0.0
2010-02-25 09:25:31,0.0
2010-03-01 02:29:41,0.0
2010-03-04 14:11:27,0.0
2010-03-08 02:37:32,0.0
2010-03-12 13:01:35,0.0
2010-03-17 04:32:40,0.0
2010-03-21 02:39:19,0.0
2010-03-24 11:41:12,0.0
2010-03-27 19:46:09,0.0
2010-03-31 02:46:09,0.0
2010-04-03 19:04:15,0.0
2010-04-07 12:51:14,0.0
2010-04-10 16:02:35,0.0
2010-04-13 13:43:09,0.0
2010-04-16 16:40:21,0.0
2010-04-19 10:44:11,0.0
2010-04-22 10:15:34,0.0
2010-04-26 08:53:40,0.0
2010-04-30 02:24:13,0.0
2010-05-04 00:44:38,0.0
2010-05-08 13:25:46,0.0
2010-05-13 07:22:00,0.0
2010-05-18 10:16:45,0.0
2010-05-21 22:46:18,0.0
2010-05-25 03:28:25,0.0
2010-05-28 04:15:14,0.0
2010-05-31 17:59:52,0.0
2010-06-05 06:20:17,0.0
2010-06-09 09:20:45,0.0
2010-06-13 07:56:13,0.0
2010-06-17 05:38:54,0.0
2010-06-21 04:32:05,0.0
2010-06-25 00:56:27,0.0
2010-06-28 23:37:24,0.0
2010-07-02 09:36:19,0.0
2010-07-05 20:11:24,0.0
2010-07-09 14:18:51,0.0
2010-07-12 11:26:26,0.0
2010-07-13 07:34:36,0.0
2010-07-14 10:55:37,0.0
2010-07-15 12:59:38,0.0
2010-07-16 13:37:32,0.0
2010-07-19 18:56:59,0.0
2010-07-23 03:50:10,0.0
2010-07-26 05:03:11,0.0
2010-07-29 13:08:16,0.0
2010-08-01 17:52:53,0.0
2010-08-04 09:19:31,0.0
2010-08-07 13:46:36,0.0
2010-08-10 20:02:30,0.0
2010-08-13 15:36:43,0.0
2010-08-16 10:06:58,0.0
2010-08-20 18:02:05,263623.5
2010-08-23 19:12:09,265776.0
2010-08-26 16:51:07,267942.5
2010-08-30 10:22:59,270130.0
2010-09-03 05:26:45,233400.0
2010-09-06 21:12:35,235254.0
2010-09-10 20:23:59,237126.0
2010-09-14 08:50:13,238977.0
2010-09-17 11:55:25,240831.0
2010-09-20 07:56:08,242688.0
2010-09-23 14:42:23,244536.0
2010-09-26 10:32:56,246384.0
2010-09-29 09:01:40,248262.0
2010-10-03 23:16:48,250110.0
2010-10-08 00:26:47,293961.5
2010-10-11 20:02:57,507630.0
2010-10-15 06:37:16,468759.5
2010-10-17 21:25:39,472169.5
2010-10-20 09:35:26,432375.0
2010-10-23 14:49:08,479050.0
2010-10-26 15:25:03,701808.0
2010-10-29 10:57:06,839296.5
2010-11-01 11:02:02,889710.0
2010-11-04 18:04:52,1209478.5
2010-11-07 13:25:07,1533604.0
2010-11-10 03:58:37,1453296.0
2010-11-13 06:39:59,1188850.0
2010-11-16 00:18:36,1289106.0
2010-11-18 15:58:42,1297912.0
2010-11-22 20:46:14,1353299.5
2010-11-26 13:25:44,1315328.0
2010-11-29 21:23:30,1324050.0
2010-12-03 02:58:34,1189975.0
2010-12-05 22:56:04,1197825.0
2010-12-08 15:22:40,1109175.0
2010-12-11 20:03:08,1019224.5
2010-12-15 15:45:46,1123561.5
2010-12-19 08:00:55,1229125.0
2010-12-22 20:41:52,1335960.0
2010-12-26 23:33:05,1244700.0
2010-12-30 17:23:21,1503000.0
2011-01-03 07:17:07,1512330.0
2011-01-07 10:59:09,1521600.0
2011-01-11 05:35:21,1683973.5
2011-01-14 19:31:58,2156322.0
2011-01-18 10:59:32,2066060.0
2011-01-22 03:49:56,2286416.0
2011-01-25 19:14:50,2300012.0
2011-01-29 12:01:14,2366235.0
2011-02-02 07:10:41,4865972.0
2011-02-05 21:41:47,4735067.0
2011-02-09 05:47:05,4869637.5
2011-02-12 12:56:02,5543511.5
2011-02-15 14:22:10,5845986.0
2011-02-18 07:22:02,5716147.5
2011-02-21 14:46:38,5146406.0
2011-02-24 09:58:25,5230557.5
2011-02-26 23:00:19,5536600.0
2011-03-02 09:56:18,5400378.0
2011-03-05 11:30:38,5206372.5
2011-03-07 20:32:24,5122435.5
2011-03-12 01:47:01,5263893.0
2011-03-17 01:35:32,5064990.0
2011-03-21 18:15:37,4520340.5
2011-03-25 22:37:16,5177700.0
2011-03-29 23:31:59,4858518.0
2011-04-02 11:33:41,4652200.0
2011-04-05 23:46:26,4502267.0
2011-04-09 23:56:33,4643580.5
2011-04-13 13:49:22,5436188.0
2011-04-17 09:32:39,6474491.0
2011-04-21 10:52:37,7164780.0
2011-04-25 03:16:53,11342740.5
2011-04-28 11:21:51,12788264.0
2011-05-01 16:42:17,25101027.0
2011-05-04 21:46:27,21389413.5
2011-05-07 18:21:28,22171595.0
2011-05-10 13:52:08,26100592.0
2011-05-13 22:09:14,40522557.5
2011-05-16 12:58:54,53096596.0
2011-05-18 19:29:12,51672200.5
2011-05-21 20:06:06,43828118.0
2011-05-24 02:56:23,46630161.0
2011-05-26 04:17:50,50408962.5
2011-05-29 07:11:04,55305054.0
2011-06-01 23:07:32,60630728.0
2011-06-04 23:35:04,96818907.5
2011-06-07 23:52:48,124043200.5
2011-06-10 21:36:32,210038598.0
2011-06-13 12:36:23,162289185.0
2011-06-15 21:22:17,136042187.5
2011-06-19 03:20:24,115930320.0
2011-06-21 18:41:12,111906152.5
2011-06-24 03:26:51,107575157.0
2011-06-27 21:46:13,117756940.5
2011-07-01 11:51:45,116621538.0
2011-07-05 03:10:36,105494302.5
2011-07-09 07:04:06,104891309.5
2011-07-13 08:38:53,98769396.0
2011-07-17 04:28:51,96141717.0
2011-07-21 02:45:22,96231177.0
2011-07-25 02:23:20,97626828.0
2011-07-28 16:57:42,97648140.0
2011-08-01 11:35:34,101424312.0
2011-08-05 18:25:46,80356825.0
2011-08-10 07:55:40,82540500.0
2011-08-15 03:26:14,80376270.0
2011-08-19 16:05:43,82858815.0
2011-08-23 16:52:30,81812150.0
2011-08-28 09:16:03,65735380.0
2011-09-01 21:38:04,63652894.0
2011-09-06 03:15:14,59605198.0
2011-09-10 16:18:42,48937330.0
2011-09-15 06:05:57,43043432.0
2011-09-19 20:04:18,37534593.0
2011-09-24 05:42:48,41800950.0
2011-09-28 21:02:34,37560735.0
2011-10-03 14:50:52,38015697.0
2011-10-08 11:52:47,35580599.0
2011-10-14 01:53:33,32597141.0
2011-10-19 02:13:56,21273588.0
2011-10-24 10:39:44,24972210.0
2011-10-29 17:39:45,25603483.5
2011-11-03 09:54:40,25860076.0
2011-11-07 22:20:19,23150360.0
2011-11-12 12:45:48,23173591.5
2011-11-16 19:25:24,20504131.5
2011-11-21 12:23:15,18891582.5
2011-11-26 12:34:26,19743247.5
2011-12-01 06:51:46,23324700.0
2011-12-05 16:14:23,23270820.0
2011-12-09 22:11:44,24230544.0
2011-12-14 09:07:30,25902499.0
2011-12-19 02:43:24,26560968.0
2011-12-23 13:00:55,31591847.0
2011-12-27 17:49:19,33876962.5
2012-01-01 05:38:26,40337136.0
2012-01-05 13:01:39,46609960.0
2012-01-09 07:54:57,58092120.0
2012-01-13 20:15:47,56390616.0
2012-01-18 03:30:42,56704783.5
2012-01-22 11:08:30,53167821.0
2012-01-27 00:34:56,49859648.0
2012-01-31 03:16:11,46185727.5
2012-02-04 07:40:33,50497011.5
2012-02-08 18:07:10,47621049.0
2012-02-13 00:12:47,48468669.0
2012-02-17 15:44:51,39623793.0
2012-02-21 19:06:09,37760850.0
2012-02-25 20:28:41,43548202.5
2012-02-29 20:50:59,42109884.0
2012-03-05 14:15:01,41842882.0
2012-03-09 20:32:46,42516047.5
2012-03-14 01:12:17,46357802.0
2012-03-18 10:39:13,46360620.0
2012-03-22 17:17:51,41973069.0
2012-03-27 01:07:04,41010480.0
2012-03-31 09:30:58,42209829.0
2012-04-05 05:24:59,43240784.0
2012-04-09 22:57:35,42000960.0
2012-04-14 18:45:00,43651758.5
2012-04-19 13:31:56,45660923.0
2012-04-24 03:20:30,46102248.0
2012-04-28 20:52:54,45565942.5
2012-05-02 17:46:45,44929584.0
2012-05-06 17:14:40,45985781.0
2012-05-10 15:24:05,45795705.0
2012-05-15 10:40:28,45509590.0
2012-05-20 04:48:03,46481277.0
2012-05-25 04:47:45,47278926.5
2012-05-29 17:44:32,46989282.0
2012-06-03 05:51:32,48254448.0
2012-06-07 15:30:55,50260642.0
2012-06-11 19:01:10,51544360.0
2012-06-16 01:58:19,57915049.5
2012-06-20 06:10:58,60813168.0
2012-06-24 17:53:31,61768268.0
2012-06-29 01:42:40,62262782.5
2012-07-03 11:48:15,63226575.0
2012-07-07 17:08:00,63352293.0
2012-07-12 00:40:52,68569186.0
2012-07-16 09:46:32,73831680.0
2012-07-20 15:09:25,88045533.0
2012-07-25 01:27:18,84917646.0
2012-07-29 04:20:33,85315340.0
2012-08-02 15:52:01,92151360.0
2012-08-07 00:55:49,108167360.0
2012-08-11 00:19:13,112109360.0
2012-08-15 04:03:20,119287860.0
2012-08-19 13:04:50,140905604.0
2012-08-23 10:07:37,100182231.0
2012-08-27 16:04:44,107675624.0
2012-09-01 01:39:20,105589773.0
2012-09-05 04:25:24,104465055.0
2012-09-09 09:01:00,110763096.0
2012-09-13 21:15:09,113025591.0
2012-09-18 06:59:52,119506728.0
2012-09-22 15:07:14,125419437.0
2012-09-27 04:46:18,123628120.0
2012-10-01 17:15:22,125681712.0
2012-10-06 18:15:02,131063795.5
2012-10-11 08:45:39,123295104.0
2012-10-15 22:05:46,122174727.5
2012-10-20 13:41:38,121876356.0
2012-10-24 22:51:33,122481762.0
2012-10-29 07:25:37,109851509.0
2012-11-03 02:16:16,114036342.0
2012-11-07 18:12:17,113491780.5
2012-11-12 07:41:29,114177250.0
2012-11-17 02:43:00,122875170.0
2012-11-21 18:08:25,123591559.0
2012-11-26 05:01:49,132162257.5
2012-11-30 13:48:13,132495792.0
2012-12-05 10:32:39,137761778.0
2012-12-10 11:33:58,142620744.75
2012-12-15 15:55:08,146433218.5
2012-12-20 19:30:21,142529432.0
2012-12-25 19:28:03,142432137.5
2012-12-30 01:00:31,144773947.5
2013-01-03 01:35:49,142551937.0
2013-01-07 09:15:48,143937213.75
2013-01-11 23:34:07,152569218.0
2013-01-16 19:56:28,155039459.0
2013-01-21 17:29:08,172586571.25
2013-01-26 08:26:53,198423423.0
2013-01-30 15:18:00,212016380.5
2013-02-03 13:34:01,225433950.0
2013-02-07 12:07:56,231473874.25
2013-02-11 16:41:04,258092181.0
2013-02-15 16:48:10,293303040.0
2013-02-19 08:01:58,291365114.0
2013-02-22 22:02:57,321747737.5
2013-02-26 17:35:19,329262400.0
2013-03-02 08:46:59,374210287.5
2013-03-06 08:19:46,441564690.0
2013-03-10 05:35:23,510513926.0
2013-03-14 04:36:02,512779403.25
2013-03-17 16:26:31,515489231.25
2013-03-20 22:38:39,650393526.75
2013-03-23 19:58:48,768629837.5
2013-03-27 20:12:22,863302030.0
2013-03-31 09:53:07,1014963187.5
2013-04-03 19:22:08,1289367122.0
2013-04-07 18:03:41,1580280849.75
2013-04-11 08:02:23,1761809651.0
2013-04-15 03:44:51,1103507500.0
2013-04-18 21:58:27,1037670120.0
2013-04-22 23:20:55,1316892675.0
2013-04-26 16:52:39,1573515431.25
2013-04-30 11:21:09,1604018196.0
2013-05-04 17:19:52,1075743240.0
2013-05-08 11:36:01,1243059035.0
2013-05-12 03:30:04,1289143704.0
2013-05-16 02:18:41,1274666645.0
2013-05-20 03:51:27,1363271797.25
2013-05-24 04:17:35,1417868025.0
2013-05-27 20:45:17,1496044387.5
2013-05-31 13:07:07,1446278472.0
2013-06-03 16:45:08,1375722294.5
2013-06-06 21:18:22,1371795555.0
2013-06-10 14:29:44,1129176345.0
2013-06-13 22:23:46,1219892285.0
2013-06-17 12:58:18,1128909960.0
2013-06-21 16:53:40,1257411696.0
2013-06-25 12:28:09,1166897274.0
2013-06-29 06:09:24,1073967521.25
2013-07-03 02:21:41,1034535138.75
2013-07-06 15:11:32,783483915.5
2013-07-09 21:13:36,871484990.5
2013-07-13 13:23:10,1072329560.25
2013-07-17 08:04:10,1108762282.5
2013-07-20 21:40:24,1052519100.0
2013-07-24 15:37:26,1094740138.0
2013-07-28 10:00:36,1079725816.0
2013-07-31 21:32:31,1238349805.0
2013-08-04 07:32:53,1207239850.0
2013-08-07 17:38:02,1227438000.0
2013-08-10 19:57:57,1185733750.0
2013-08-13 18:56:46,1231713328.0
2013-08-17 13:02:06,1136376693.75
2013-08-20 23:05:45,1191211271.25
2013-08-24 01:30:56,1248495096.25
2013-08-27 19:32:33,1298270370.25
2013-08-31 02:53:28,1451773723.0
2013-09-02 22:24:35,1521612949.0
2013-09-06 11:02:27,1429914852.0
2013-09-10 02:56:42,1407212611.0
2013-09-13 05:26:44,1485673849.25
2013-09-16 10:55:31,1467560195.0
2013-09-20 01:44:57,1455808707.5
2013-09-23 06:22:39,1443093709.5
2013-09-26 08:36:00,1450591680.0
2013-09-30 01:42:19,1495047411.0
2013-10-03 15:33:49,1224126682.5
2013-10-06 22:03:43,1430569050.0
2013-10-10 15:04:29,1488046722.5
2013-10-13 21:08:17,1510132911.75
2013-10-16 10:41:02,1671351412.5
2013-10-19 20:30:58,1996214420.0
2013-10-22 18:34:51,2136783655.0
2013-10-25 17:01:13,2324475832.5
2013-10-29 03:57:28,2465451435.0
2013-11-01 13:06:44,2428690165.0
2013-11-04 15:18:16,2506711380.0
2013-11-08 15:51:18,3481726902.5
2013-11-12 10:24:53,4116404848.75
2013-11-16 01:53:10,4942742782.25
2013-11-19 19:50:21,7930586480.0
2013-11-23 19:07:52,9562578000.0
2013-11-27 16:37:03,11054619936.75
2013-12-01 07:03:39,13498811100.0
2013-12-04 22:35:04,12683753743.5
2013-12-08 11:30:54,8537134358.0
2013-12-11 22:18:47,11852685724.0
2013-12-15 14:22:29,10317156032.75
2013-12-19 00:11:18,6338685150.0
2013-12-22 11:19:28,7294365681.0
2013-12-26 05:55:30,8267221279.5
2013-12-30 03:06:42,8877655566.0
2014-01-02 20:13:29,9146938306.0
2014-01-06 18:08:05,11062611267.0
2014-01-10 02:54:34,10114018369.0
2014-01-13 09:52:21,10345187270.0
2014-01-17 01:54:44,10028779806.25
2014-01-20 21:00:24,10336383037.5
2014-01-24 12:37:02,9982792198.0
2014-01-28 17:23:10,9212249042.25
2014-02-01 11:29:17,9908217000.0
2014-02-05 03:06:18,9921443318.75
2014-02-09 01:05:44,8423061840.0
2014-02-13 04:11:54,8088738762.5
2014-02-16 18:50:16,8134492368.75
2014-02-20 15:48:38,7762214746.25
2014-02-24 15:43:56,7601293961.25
2014-02-28 11:06:12,7262995545.0
2014-03-05 00:38:15,8398410560.0
2014-03-09 04:44:37,7774257496.5
2014-03-13 04:57:44,7942049842.5
2014-03-17 10:33:01,7953344998.5
2014-03-21 13:43:54,7344478080.0
2014-03-25 04:28:10,7354226022.5
2014-03-29 05:32:32,6282769760.0
2014-04-02 06:34:04,6031723675.0
2014-04-05 15:28:23,5699358400.0
2014-04-10 05:25:53,5579907614.25
2014-04-14 04:11:35,5279568335.0
2014-04-18 04:38:20,6307436190.0
2014-04-22 07:57:52,6318374423.5
2014-04-26 13:56:31,5879574289.0
2014-04-30 21:58:53,5695222400.0
2014-05-05 07:38:11,5559663718.75
2014-05-09 11:17:13,5578116207.75
2014-05-13 12:51:35,5647243758.75
2014-05-17 12:14:03,5739955704.0
2014-05-21 15:21:35,6246947557.0
2014-05-25 17:41:00,6765008277.0
2014-05-30 00:55:54,7301038436.25
2014-06-02 21:30:13,8103078260.5
2014-06-06 22:10:15,8509278720.0
2014-06-11 08:42:32,8353777985.0
2014-06-15 06:27:04,7381024221.0
2014-06-19 00:37:08,7851864000.0
2014-06-22 17:59:17,7641836726.0
2014-06-26 10:11:08,7260580290.0
2014-06-30 08:38:54,7778600354.5
2014-07-04 22:36:47,8377239948.75
2014-07-09 06:20:16,8122953829.5
2014-07-13 13:39:24,8279373756.0
2014-07-17 21:01:34,8045269051.75
2014-07-21 23:19:35,8180704125.0
2014-07-26 10:09:42,7876149947.5
2014-07-30 21:07:05,7658896225.0
2014-08-04 07:37:05,7646699594.25
2014-08-08 16:33:53,7672142411.5
2014-08-12 12:07:17,7537526213.5
2014-08-16 12:01:13,6579027642.0
2014-08-20 09:04:40,6450874500.0
2014-08-24 11:57:03,6528488177.25
2014-08-28 15:07:41,6754481196.75
2014-09-01 12:24:59,6328290993.5
2014-09-05 22:37:46,6468678953.0
2014-09-10 06:21:17,6271354981.25
2014-09-14 07:19:14,6326594183.0
2014-09-18 06:08:36,6028813275.0
2014-09-22 03:53:20,5334853735.0
2014-09-26 09:28:04,5462028511.5
2014-10-01 02:04:29,5201928532.5
2014-10-05 11:38:35,4383579593.0
2014-10-09 20:56:21,4771215750.0
2014-10-14 08:05:28,5245280370.0
2014-10-18 17:37:40,5133233092.0
2014-10-23 06:23:14,5152078209.75
2014-10-27 14:07:06,4771883297.5
2014-10-31 16:47:49,4643266365.0
2014-11-04 18:06:21,4395689952.75
2014-11-09 04:31:52,4676768547.0
2014-11-13 15:45:35,5670926259.0
2014-11-18 01:11:10,5254566988.0
2014-11-22 14:32:19,4738339612.5
2014-11-27 06:11:01,4969082014.0
2014-12-01 15:48:06,5099446238.25
2014-12-06 06:56:21,5105196400.0
2014-12-10 22:43:22,4782711444.0
2014-12-15 15:11:35,4870006855.0
2014-12-20 14:17:11,4341625048.75
2014-12-25 00:49:11,4416346564.0
2014-12-29 04:44:28,4336018981.25
2015-01-02 08:50:32,4305727202.25
2015-01-06 13:04:33,3756010891.0
2015-01-11 01:06:13,3783686685.0
2015-01-15 16:09:35,2361018200.0
2015-01-20 05:56:22,2968695633.25
2015-01-25 06:11:11,3430574637.0
2015-01-29 20:05:01,3254032920.0
2015-02-03 06:00:43,3282427296.5
2015-02-07 11:21:01,3070819395.0
2015-02-11 21:05:17,3046829576.0
2015-02-16 09:02:21,3241689340.5
2015-02-20 10:55:33,3345478322.75
2015-02-25 02:09:45,3329281471.5
2015-03-01 11:55:42,3521653687.5
2015-03-06 00:56:10,3798598229.25
2015-03-10 13:27:22,3996650126.25
2015-03-15 01:57:16,3934263080.0
2015-03-19 17:33:27,3586982898.25
2015-03-24 04:00:22,3716897711.75
2015-03-28 04:54:49,3463516678.5
2015-04-01 15:56:42,3412342687.5
2015-04-06 01:03:44,3653219856.0
2015-04-10 19:39:29,3411543825.0
2015-04-15 11:42:56,3039231576.5
2015-04-20 05:10:15,3132534528.5
2015-04-24 18:28:44,3324521637.0
2015-04-29 04:12:10,3176299620.0
2015-05-03 19:13:08,3300960973.5
2015-05-08 05:57:38,3352713133.0
2015-05-12 21:25:34,3410243658.75
2015-05-17 06:24:19,3353029352.75
2015-05-21 17:16:19,3321107871.0
2015-05-26 09:36:51,3345919857.0
2015-05-31 01:06:07,3302951742.5
2015-06-04 11:44:57,3208439395.0
2015-06-08 18:59:20,3167673381.0
2015-06-13 03:37:52,3275760600.0
2015-06-17 18:35:26,3570664324.0
2015-06-22 07:05:22,3482734556.25
2015-06-26 15:07:21,3465689904.0
2015-07-01 05:05:04,3761277975.0
2015-07-05 12:35:25,3735397071.0
2015-07-09 19:54:00,3882969361.25
2015-07-14 07:09:21,4198403737.0
2015-07-18 14:35:33,4022939738.5
2015-07-23 01:49:19,4006451102.5
2015-07-27 11:26:07,4225348677.0
2015-07-31 22:41:52,4166955911.25
2015-08-05 10:35:50,4121769750.0
2015-08-09 20:52:24,3796519492.5
2015-08-14 02:02:58,3833485524.0
2015-08-18 17:08:10,3724316262.0
2015-08-22 21:20:38,3391909230.0
2015-08-27 08:44:59,3272818606.0
2015-08-31 14:32:50,3325312722.0
2015-09-04 21:46:09,3312255921.0
2015-09-09 09:39:06,3563567267.25
2015-09-13 16:09:54,3429094282.75
2015-09-17 22:16:45,3339274875.75
2015-09-22 15:24:36,3312824726.75
2015-09-27 00:00:26,3437312736.75
2015-10-01 06:43:31,3485015625.0
2015-10-05 16:46:47,3510151605.0
2015-10-10 09:27:57,3593588705.0
2015-10-14 19:07:05,3736391551.25
2015-10-19 02:49:02,3931153427.25
2015-10-23 14:41:52,4103344642.5
2015-10-27 21:04:27,4401832500.0
2015-11-01 03:27:41,4686538989.0
2015-11-05 10:10:29,5685766688.0
2015-11-09 19:10:26,5616934267.5
2015-11-13 20:11:31,4940254800.0
2015-11-18 00:11:51,4996195980.0
2015-11-22 02:30:54,4862784813.41667
2015-11-26 02:41:50,4955206249.0
2015-11-30 07:39:02,5727271609.5
2015-12-04 07:13:45,5328577843.66667
2015-12-08 08:55:10,5887418042.0
2015-12-11 22:09:02,6782949510.0
2015-12-15 14:49:02,6883601140.25
2015-12-19 13:53:40,6968073542.0
2015-12-23 14:57:33,6629815243.5
2015-12-27 12:02:59,6351867730.39286
2015-12-31 11:54:26,6392020858.25
2016-01-04 18:14:12,6541671768.17807
2016-01-08 20:53:28,6819222809.84305
2016-01-12 14:04:37,6729881944.5
2016-01-17 02:58:59,5852041942.5
2016-01-21 04:26:33,6316850408.0
2016-01-24 23:21:03,6127575489.75
2016-01-28 22:33:11,5794701990.0
2016-02-01 12:39:56,5693605768.5
2016-02-05 05:20:41,5877100013.5
2016-02-08 17:19:20,5685518812.75
2016-02-12 07:01:55,5788502720.0
2016-02-16 06:50:08,6076444878.0
2016-02-20 09:52:59,6557494387.5
2016-02-25 03:43:59,6471157916.49263
2016-02-29 10:49:34,6689512231.5
2016-03-04 19:57:51,6387538740.0
2016-03-09 00:39:07,6294726497.25
2016-03-12 22:54:36,6296660471.79456
2016-03-17 03:26:42,6393646828.14656
2016-03-21 14:14:04,6288495320.64935
2016-03-25 19:00:05,6395347167.0
2016-03-29 19:24:51,6347047187.5
2016-04-03 06:11:22,6447362500.0
2016-04-07 06:04:28,6459731109.0
2016-04-11 04:19:36,6489583700.76275
2016-04-15 04:05:11,6581355619.5
2016-04-19 10:43:38,6632790073.0
2016-04-23 14:12:38,6964828659.0
2016-04-28 03:56:52,6834353214.0
2016-05-02 08:08:38,6947222760.0
2016-05-06 06:56:25,6992352856.5
2016-05-10 02:05:27,7196678753.5
2016-05-14 08:30:56,7079987928.0
2016-05-18 17:55:13,7088447124.4593
2016-05-22 21:32:02,6815351653.5
2016-05-26 23:52:26,7068219979.08171
2016-05-31 10:59:58,8605978262.5
2016-06-05 00:33:44,9015496404.75
2016-06-09 00:00:06,9175922887.5
2016-06-13 02:00:12,10816631721.0
2016-06-17 04:20:51,12144681267.1879
2016-06-21 00:47:13,10953135855.8195
2016-06-25 10:42:52,10722778018.3389
2016-06-29 17:25:10,10083833793.75
2016-07-03 19:59:55,10447698112.0
2016-07-08 04:02:29,10052118823.9904
2016-07-12 08:50:18,10230642449.0
2016-07-16 18:21:46,10418033049.375
2016-07-21 00:25:26,10490627784.0
2016-07-25 18:26:54,10313064014.125
2016-07-30 11:25:56,10358699377.5
2016-08-03 13:50:12,8831149376.0
2016-08-07 09:55:14,9297635577.875
2016-08-11 16:33:24,9290309594.25
2016-08-15 12:35:10,9033626689.81656
2016-08-19 23:40:45,9055676614.76696
2016-08-23 23:36:10,9205631645.05666
2016-08-28 10:47:39,9038591481.63995
2016-09-01 14:10:01,9028441811.25
2016-09-05 17:48:47,9595894695.74777
2016-09-10 00:49:55,9871022038.45466
2016-09-13 21:25:54,9615331846.13361
2016-09-17 22:26:36,9584368230.0
2016-09-22 00:36:41,9446818027.5
2016-09-25 23:41:55,9516901208.18592
2016-09-30 00:30:59,9618370298.16979
2016-10-04 04:13:21,9673309390.5
2016-10-08 02:02:14,9800243128.75
2016-10-12 07:26:12,10119956069.5153
2016-10-16 21:07:30,10164815603.2968
2016-10-21 09:53:54,10030488834.375
2016-10-25 10:54:55,10371990057.0
2016-10-29 16:20:00,11335364489.0574
2016-11-02 19:32:22,11567311735.0
2016-11-07 03:05:30,11254096266.9713
2016-11-11 00:26:23,11440883450.0
2016-11-14 20:33:53,11269922081.996
2016-11-18 16:52:56,11982609674.0
2016-11-23 04:14:36,11959282746.0
2016-11-27 05:58:26,11627410210.875
2016-12-01 07:34:04,11950798272.25
2016-12-05 09:47:55,12050968446.6549
2016-12-09 10:13:59,12377427750.0
2016-12-13 06:57:44,12483324777.375
2016-12-17 18:39:20,12679340816.8428
2016-12-21 21:53:12,13289544587.4696
2016-12-25 23:33:53,14386989479.0
2016-12-30 01:00:47,15590387637.3512
2017-01-03 00:04:10,16445341575.0
2017-01-07 00:09:30,14411617336.875
2017-01-11 02:47:39,14653338331.5
2017-01-14 22:51:47,12859667438.125
2017-01-18 18:04:01,13923981990.625
2017-01-22 06:37:08,14948535885.0
2017-01-26 06:49:36,14416718938.9462
2017-01-30 05:48:17,14757297341.2414
2017-02-03 00:55:36,16173877257.0279
2017-02-07 06:50:34,16771197848.1074
2017-02-11 08:26:55,16108192512.5
2017-02-15 09:50:54,16214671284.0
2017-02-19 14:30:49,16995262916.2087
2017-02-23 22:35:22,19132721247.1942
2017-02-27 19:08:07,19323197805.0
2017-03-03 20:23:32,20745903430.75
2017-03-08 02:49:20,19976315897.0
2017-03-12 06:22:52,19167701371.7059
2017-03-16 10:55:31,19961984295.75
2017-03-20 11:18:28,16899840694.125
2017-03-24 13:08:52,15728492608.5454
2017-03-28 13:34:55,17137917006.0
2017-04-01 22:00:34,17513711100.0
2017-04-05 23:47:26,18386992162.5
2017-04-10 03:08:14,19784123669.6673
2017-04-14 09:14:58,19224685920.0
2017-04-18 16:52:24,19657166255.0
2017-04-22 20:26:04,20236614980.0
2017-04-27 03:52:30,21235464198.75
2017-05-01 05:40:53,22758509317.5
2017-05-05 09:28:18,26285381170.3469
2017-05-09 03:56:14,27365834170.0
2017-05-13 07:19:50,27605691600.0
2017-05-17 07:17:14,29320988437.5
2017-05-21 06:08:04,33706406250.0
2017-05-25 05:36:12,41570510625.0
2017-05-29 01:41:40,36375256803.75
2017-06-01 18:52:24,39076411736.25
2017-06-05 12:55:57,42472696875.0
2017-06-09 09:06:48,46212827001.25
2017-06-13 16:17:41,44953045237.5
2017-06-17 19:56:11,43618202067.5
2017-06-22 04:48:26,43046622033.75
2017-06-26 12:31:28,40929980321.25
2017-06-30 23:07:40,40300757120.0
2017-07-04 14:35:55,42929985750.0
2017-07-08 15:53:52,41540031187.5
2017-07-12 07:33:33,37885965468.3325
2017-07-16 09:12:31,32557530892.5
2017-07-20 07:40:02,37935292434.5763
2017-07-24 03:35:56,45709824200.0
2017-07-28 04:44:39,43794149300.0
2017-08-01 06:55:36,47290619013.75
2017-08-05 05:38:23,52224950550.0
2017-08-09 05:27:31,55527025699.1119
2017-08-13 16:38:29,67453416033.75
2017-08-17 22:15:32,70804289838.9766
2017-08-22 17:21:14,66246302750.0
2017-08-27 17:32:53,72009081480.0
2017-08-31 19:26:07,78418785120.0
2017-09-04 11:51:59,72749601500.0
2017-09-08 00:27:05,76105382975.0
2017-09-11 19:00:09,69926472997.7537
2017-09-15 03:38:10,55443565721.25
2017-09-18 23:41:33,67616616270.0
2017-09-23 05:04:03,61363441715.0
2017-09-27 11:06:36,67501982913.75
2017-10-01 10:54:58,71403782092.5
2017-10-05 15:00:18,71369095875.0
2017-10-09 11:00:27,76394478131.25
2017-10-13 15:58:59,97243952750.0
2017-10-17 06:36:17,93941792706.25
2017-10-20 22:37:53,99826281630.0
2017-10-24 14:27:02,94230184230.0
2017-10-28 23:10:05,95747574521.25
2017-11-02 02:48:23,114032052875.0
2017-11-06 16:03:02,121008360760.0
2017-11-11 02:21:01,112978752300.0
2017-11-16 07:00:32,121630740437.5
2017-11-20 08:24:23,134106782266.09
2017-11-24 03:16:04,134821473837.006
2017-11-28 00:56:04,162845214000.0
2017-12-01 16:49:10,179023575693.75
2017-12-05 06:31:59,194230410000.0
2017-12-08 21:22:14,259703926925.0
2017-12-12 15:00:07,286208962637.5
2017-12-16 02:43:58,296330158153.142
2017-12-19 16:55:39,306558626250.0
2017-12-24 01:37:15,240172731275.0
2017-12-28 06:05:47,229267163793.75
2018-01-01 05:11:48,229238250043.75
2018-01-05 00:28:22,252369851250.0
2018-01-08 20:20:34,247078947256.25
2018-01-12 09:51:47,226892105537.5
2018-01-16 10:44:34,197299945250.0
2018-01-20 02:04:45,197222941500.0
2018-01-23 10:56:58,173511193750.0
2018-01-27 06:48:01,191858301968.75
2018-01-31 07:16:43,169477844725.0
2018-02-04 07:28:59,156652803750.0
2018-02-07 22:50:19,132255182700.0
2018-02-12 07:17:53,142279957687.5
2018-02-16 04:07:26,170319707468.75
2018-02-20 03:02:07,191947531125.0
2018-02-24 04:57:29,176603967718.75
2018-02-28 01:43:37,180248438081.25
2018-03-03 22:18:53,191002473912.5
2018-03-07 21:27:42,165400584762.5
2018-03-12 01:49:52,160478253000.0
2018-03-16 03:28:22,136489020650.0
2018-03-20 03:24:07,145134353087.5
2018-03-24 12:15:01,147554599500.0
2018-03-28 18:15:07,133659497800.0
2018-04-01 21:14:28,116937482750.0
2018-04-05 20:59:16,114641711456.25
2018-04-09 19:01:05,114100742755.025
2018-04-13 16:18:12,137750155639.248
2018-04-17 17:33:43,137512970400.0
2018-04-21 14:29:34,149112357800.0
2018-04-25 16:30:51,150998785875.0
2018-04-30 02:13:52,160029635875.0
2018-05-04 03:38:21,163052354309.287
2018-05-08 10:12:54,158506768800.0
2018-05-12 14:57:34,144836216437.5
2018-05-16 17:08:13,140863879650.0
2018-05-20 20:27:16,145410575087.5
2018-05-24 21:47:31,127946220525.0
2018-05-28 16:01:56,123397692375.0
2018-06-01 13:00:40,126312381543.75
2018-06-05 03:07:06,126548661162.5
2018-06-09 06:12:58,130962015175.0
2018-06-13 16:08:18,109033310400.0
2018-06-17 14:41:08,110929438125.0
2018-06-21 11:21:52,115196096925.0
2018-06-25 08:34:54,105322017600.0
2018-06-29 15:55:02,100755071006.25
2018-07-04 02:59:45,110547406306.25
2018-07-08 08:35:49,115250191875.0
2018-07-12 14:39:24,105940885937.5
2018-07-17 06:07:40,114822349350.0
2018-07-20 23:23:00,125899934081.25
2018-07-24 18:20:50,141004787837.5
2018-07-28 14:03:03,140286817687.5
2018-08-01 16:17:50,130752390212.5
2018-08-05 10:39:38,121235163200.0
2018-08-09 14:54:20,110866768375.0
2018-08-13 09:37:32,111415405937.5
2018-08-17 10:10:40,111723484125.0
2018-08-21 11:39:15,110998609687.5
2018-08-25 15:12:11,115838382487.5
2018-08-29 11:47:20,121940727750.0
2018-09-02 13:03:34,125030237500.0
2018-09-06 23:16:36,111697378650.0
2018-09-11 01:17:58,109235842968.75
2018-09-15 07:29:41,111943942593.75
2018-09-19 14:44:42,109186690000.0
2018-09-23 18:30:06,115587251562.5
2018-09-27 21:04:00,115716809250.0
2018-10-01 19:11:44,113519401025.0
2018-10-06 04:44:43,113691078912.5
2018-10-10 17:51:55,113005939593.75
2018-10-15 05:07:59,107539011200.0
2018-10-19 13:18:43,110559047568.75
2018-10-23 17:55:49,110764212281.25
2018-10-28 10:34:38,111090935931.25
2018-11-01 08:22:06,109526299675.0
2018-11-05 17:07:44,111267770575.0
2018-11-10 12:21:12,110526756518.75
2018-11-15 02:18:44,96718086025.0
2018-11-19 19:52:59,85409004487.5
2018-11-24 19:20:53,73185536000.0
2018-11-29 21:42:34,71738911562.5
2018-12-05 03:04:17,67035945537.5
2018-12-09 23:59:19,61579793600.0
2018-12-14 18:55:35,55300046550.0
2018-12-19 05:30:25,64824075987.5
2018-12-23 07:31:14,69290687700.0
2018-12-27 04:00:55,65212867650.0
2018-12-30 22:00:35,66672895250.0
2019-01-03 23:30:24,66065159606.25
2019-01-08 02:55:26,69404932950.0
2019-01-12 00:42:20,63615916000.0
2019-01-16 11:37:59,63268070331.25
2019-01-20 23:15:19,61949068987.5
2019-01-25 04:32:10,62483928525.0
2019-01-29 13:32:16,59517766100.0
2019-02-02 16:38:23,59973029200.0
2019-02-06 19:21:45,58939283200.0
2019-02-10 17:55:19,63269018100.0
2019-02-15 02:42:08,62586627918.75
2019-02-19 05:03:59,67921920850.0
2019-02-23 14:08:41,69004970550.0
2019-02-27 21:54:20,65654602375.0
2019-03-04 00:51:21,66720033843.75
2019-03-08 10:35:45,68014927031.25
2019-03-12 20:04:28,67754619700.0
2019-03-16 23:30:37,70124253075.0
2019-03-20 20:43:29,70595154262.5
2019-03-24 22:02:55,69772046718.75
2019-03-29 04:56:21,71070995531.25
2019-04-02 12:43:56,84451871900.0
2019-04-06 17:33:48,90906725000.0
2019-04-11 01:47:04,93609841312.5
2019-04-15 11:58:09,90650648412.5
2019-04-19 17:30:03,93179659300.0
2019-04-24 05:07:29,98784055387.5
2019-04-28 07:53:50,91441150312.5
2019-05-02 05:11:03,94009210900.0
2019-05-06 08:23:06,99081683156.25
2019-05-10 18:39:18,113181961075.0
2019-05-14 21:09:34,136676051568.75
2019-05-18 23:41:55,128713687112.5
2019-05-22 19:18:28,140223030437.5
2019-05-26 19:30:41,146484621985.367
2019-05-30 12:13:39,154583652900.0
2019-06-04 03:07:34,142215567250.0
2019-06-08 01:58:17,142446094837.5
2019-06-12 10:35:30,141939749287.5
2019-06-16 12:26:18,161708548200.0
2019-06-20 15:04:47,166683069000.0
2019-06-24 14:12:13,192790674318.75
2019-06-28 13:23:50,207885232325.0
2019-07-02 11:43:06,174568472012.5
2019-07-05 23:58:30,196280796862.5
2019-07-09 16:42:11,224200897593.75
2019-07-14 01:32:31,202677802200.0
2019-07-18 08:03:39,174779501444.951
2019-07-22 11:04:18,186926389319.506
2019-07-26 17:37:11,174522483337.5
2019-07-30 14:08:47,170448489787.5
2019-08-03 10:13:38,192331501650.0
2019-08-07 05:40:41,207989717275.16
2019-08-11 09:23:44,200325082125.0
2019-08-15 13:02:44,178323612275.0
2019-08-19 21:16:19,191314390050.0
2019-08-24 02:46:47,185501136975.0
2019-08-28 06:30:49,181955985062.5
2019-09-01 02:53:09,172256153493.75
2019-09-05 07:19:14,189342232500.0
2019-09-09 02:13:23,186430384275.0
2019-09-12 18:23:04,184923492187.5
2019-09-16 17:23:28,182186496406.25
2019-09-20 17:21:09,181807035375.0
2019-09-24 20:29:39,148785039731.25
2019-09-28 19:10:39,146217497250.0
2019-10-03 05:05:11,150054196875.0
2019-10-07 07:50:26,141147437025.0
2019-10-11 07:39:23,151055211037.5
2019-10-15 15:17:50,148915964650.0
2019-10-19 19:32:15,143408551425.0
2019-10-23 17:02:08,134429580093.75
2019-10-28 07:34:15,169142305150.0
2019-11-01 22:41:26,166646092593.75
2019-11-06 12:21:02,169088759887.5
2019-11-10 21:04:44,163108433962.5
2019-11-14 23:18:05,156346900237.5
2019-11-19 02:50:16,147756059018.75
2019-11-23 10:00:00,129557495093.75
2019-11-27 23:59:40,135856180425.0
2019-12-02 09:09:35,130572237093.75
2019-12-06 09:49:41,133792849437.5
2019-12-10 13:29:51,132538000625.0
2019-12-14 18:36:03,127915133062.5
2019-12-19 05:57:06,129454509762.5
2019-12-22 23:13:45,134210921200.0
2019-12-27 08:30:01,130008831750.0
2019-12-31 09:11:18,130689723468.75
2020-01-04 07:48:53,132940272487.5
2020-01-08 01:48:25,152206332462.5
2020-01-12 03:34:50,146570158800.0
2020-01-16 08:38:09,157838968375.0
2020-01-20 10:16:43,156979269000.0
2020-01-25 02:32:09,150703628093.75
2020-01-29 08:19:14,170073650250.0
2020-02-02 09:21:50,170236630200.0
2020-02-06 14:49:54,179255519625.0
2020-02-11 03:28:54,177956670500.0
2020-02-15 11:19:51,186357803675.0
2020-02-19 17:04:11,185598412900.0
2020-02-24 00:28:24,182403568912.5
2020-02-28 08:09:10,159295426937.5
2020-03-03 06:01:25,161689351750.0
2020-03-07 03:05:05,166477138387.5
2020-03-11 06:03:24,143378483750.0
2020-03-16 02:31:43,97054383750.0
2020-03-21 13:40:53,114525453000.0
2020-03-26 14:43:00,121257838068.75
2020-03-30 19:06:53,116561347237.5
2020-04-03 21:40:15,123062321593.75
2020-04-07 20:24:59,130694762500.0
2020-04-11 20:28:17,124255742100.0
2020-04-15 13:43:22,123419056618.75
2020-04-19 17:00:58,130666952525.0
2020-04-23 20:06:56,138260394175.0
2020-04-28 07:30:55,141392072250.0
2020-05-02 14:53:43,163875393925.0
2020-05-06 11:39:28,169848818106.25
2020-05-10 17:44:58,156480392362.5
2020-05-15 06:09:45,174588268750.0
2020-05-20 11:55:26,179192783887.5
2020-05-25 14:07:22,161947906006.25
2020-05-30 07:59:28,175461327046.875
2020-06-03 17:00:33,175847471562.5
2020-06-07 06:46:22,178009251050.0
2020-06-11 03:05:16,182711115956.25
2020-06-14 18:44:35,172424314843.75
2020-06-19 04:33:43,171043042325.0
2020-06-23 12:03:39,177431152828.125
2020-06-27 16:08:34,168029922025.0
2020-07-01 18:56:32,170404402918.75
2020-07-05 14:12:02,165972153575.0
2020-07-09 11:52:55,173166212793.75
2020-07-13 10:46:27,171147202143.75
2020-07-17 23:45:18,168767841965.625
2020-07-22 14:11:29,172076072525.0
2020-07-26 19:14:43,183067265237.5
2020-07-31 00:05:07,205269548875.0
2020-08-04 03:08:42,208393548868.75
2020-08-08 09:28:40,215080665353.125
2020-08-12 12:17:25,211350612187.5
2020-08-16 10:41:36,218493494696.875
2020-08-20 21:35:22,219416205287.5
2020-08-25 00:23:10,217014660253.125
2020-08-29 09:01:57,213208145475.0
2020-09-02 16:16:07,208854855975.0
2020-09-07 03:07:43,188651761359.375
2020-09-10 22:41:21,191149571262.5
2020-09-14 18:15:26,197420368296.875
2020-09-18 11:33:02,203277460500.0
2020-09-22 18:19:45,194135853871.875
2020-09-26 23:11:54,198579745571.875
2020-10-01 07:02:14,200286499859.375
2020-10-05 12:47:58,197588892909.375
2020-10-09 20:47:14,204451911950.0
2020-10-13 22:23:57,212067684968.75
2020-10-17 22:53:33,210167229600.0
2020-10-22 15:51:16,239608748437.5
2020-10-27 16:32:25,251831386700.0
2020-11-02 05:15:21,253338373815.625
2020-11-06 15:31:56,287617293124.99994
2020-11-10 15:36:35,280502445875.00006
2020-11-14 20:00:27,294820721650.0
2020-11-18 17:15:53,330776935451.512
2020-11-22 13:24:55,336117086184.375
2020-11-26 16:34:56,313243610775.0
2020-11-30 23:58:59,365560855015.625
2020-12-05 03:55:11,349812079218.75
2020-12-09 13:58:37,339580256187.5
2020-12-13 22:44:43,353030806965.625
2020-12-18 08:35:24,431468507793.75
2020-12-22 10:55:21,422111164018.75
2020-12-26 20:41:33,482973806052.42896
2020-12-30 17:51:14,524715301886.8619
2021-01-03 18:06:25,612338657629.9088
2021-01-07 10:33:31,691824389950.0
2021-01-11 10:27:46,672486988640.625
2021-01-15 14:38:31,692641256518.75
2021-01-19 19:43:59,677714804834.375
2021-01-24 03:49:31,600553708218.75
2021-01-28 11:24:35,586755864121.875
2021-02-01 19:14:02,627945328959.375
2021-02-05 18:58:37,701430232562.5
2021-02-09 17:54:09,863830253387.5
2021-02-14 01:26:40,886848370100.0
2021-02-18 11:01:20,963133690765.625
2021-02-22 18:28:46,966296128131.25
2021-02-27 01:20:30,884593562750.0
2021-03-03 10:00:23,960748740375.0
2021-03-07 17:20:47,951203555187.5
2021-03-11 22:17:49,1079160240125.0001
2021-03-16 01:07:52,1008269155800.0
2021-03-20 06:48:05,1088953521925.0
2021-03-24 06:07:27,1010346988531.25
2021-03-28 07:14:45,1044193035112.5
2021-04-01 08:53:24,1106403754006.25
2021-04-05 16:07:00,1104278566971.875
2021-04-09 21:39:09,1091972805937.5
2021-04-14 02:20:25,1183533910840.625
2021-04-19 01:39:40,1066852417762.5
2021-04-24 02:29:41,923824688690.625
2021-04-28 13:26:37,1025707799331.25
2021-05-02 20:00:53,1064258498250.0
2021-05-06 09:45:00,1072631404325.0001
2021-05-09 21:26:38,1085936835825.0
2021-05-13 11:07:59,920491539493.7501
2021-05-18 05:43:15,847307642584.375
2021-05-23 14:22:32,626297587987.5
2021-05-28 16:27:12,678197593015.625
2021-06-02 05:38:05,685311667500.0
2021-06-06 12:44:53,675526624875.0
2021-06-11 04:15:30,689387190187.5
2021-06-16 00:24:39,751404773437.4999
2021-06-21 07:10:23,612696943625.0001
2021-06-27 16:40:15,619654664065.625
2021-07-04 04:22:11,650827317446.875
2021-07-08 22:13:02,613092504800.0
2021-07-13 09:57:37,623121103600.0
2021-07-17 13:26:14,591724319353.125
2021-07-21 20:18:58,593065149118.75
2021-07-26 00:02:23,664190604000.0
2021-07-29 20:45:56,746119231921.875
2021-08-02 19:27:51,744760929806.25
2021-08-06 19:01:09,804177485624.9999
2021-08-10 14:33:04,853841952281.25
2021-08-14 15:40:23,879152233640.625
2021-08-18 08:18:16,847267688825.0
2021-08-22 07:04:07,924673002890.6251
2021-08-25 21:43:40,917644210265.625
2021-08-30 02:32:49,914392161831.7616
2021-09-03 10:14:37,943077332187.5
2021-09-07 06:11:23,991458690200.0
2021-09-11 14:46:46,859379252412.5
2021-09-15 14:16:19,899813398500.0
2021-09-19 15:46:42,897005042024.9999
2021-09-23 21:37:18,840799563243.75
2021-09-28 03:11:44,798725819204.611
2021-10-02 04:19:58,897469590825.0
2021-10-05 22:46:14,969624398781.2499
2021-10-10 09:35:21,1038539840625.0
2021-10-14 12:17:22,1089422445050.0
2021-10-18 17:50:34,1169520028274.9998
2021-10-22 19:50:07,1141981205356.25
2021-10-26 17:52:56,1176229055531.25
2021-10-30 13:54:30,1160905482458.6638
2021-11-03 16:35:17,1176603926908.4927
2021-11-07 18:08:02,1180108175625.0
2021-11-11 19:13:41,1222552433503.125
2021-11-15 22:28:21,1201134924734.375
2021-11-20 04:15:37,1104185186875.0
2021-11-24 13:17:38,1068393240484.375
2021-11-29 01:35:33,1090754071593.7499
2021-12-03 06:29:30,1072841931375.0
2021-12-07 02:02:19,956873919593.75
2021-12-10 21:27:00,913623149100.0
2021-12-15 02:43:27,914683617077.625
2021-12-19 14:32:57,885961196125.25
2021-12-23 17:27:30,919510126950.9375
2021-12-27 23:14:12,960789963180.25
2022-01-01 07:38:51,874885004815.5
2022-01-05 07:54:48,867748506584.625
2022-01-09 15:42:41,788971406030.6875
2022-01-13 17:41:07,831437093287.5
2022-01-17 08:48:10,816014047128.75
2022-01-21 07:25:04,735189057268.6876
2022-01-25 15:57:26,695919418200.0
2022-01-29 23:21:32,721918556043.75
2022-02-03 01:43:54,699972412837.5
2022-02-07 13:31:54,811623310068.75
2022-02-11 19:51:50,812053832562.5
2022-02-15 11:41:23,837049121424.7911
2022-02-19 14:06:01,759590626393.75
2022-02-23 20:08:16,714281920625.0
2022-02-28 12:04:41,728010229050.0
2022-03-04 13:56:28,787281396275.0
2022-03-09 02:24:02,746087519537.5
2022-03-13 06:42:00,743372594475.0
2022-03-17 11:16:47,774660141675.0
2022-03-21 10:30:50,785118233191.6072
2022-03-25 15:43:10,843805786325.0
2022-03-29 16:15:08,895744639237.5
2022-04-03 02:39:25,872250372906.25
2022-04-07 06:53:46,826637204253.1523
2022-04-11 16:18:12,773849776562.6492
2022-04-15 20:34:05,766612840743.75
2022-04-20 06:30:43,787838462468.75
2022-04-24 03:06:31,752600423700.0
2022-04-28 00:24:52,747620355970.1937
2022-05-02 01:50:57,735246991500.0
2022-05-06 03:01:53,693563005187.5
2022-05-10 05:24:40,599475807250.0
2022-05-14 11:31:56,550626678000.0
2022-05-18 19:48:20,557232036381.25
2022-05-23 13:59:45,579136387031.25
2022-05-28 00:56:09,548055670769.9927
2022-06-01 03:33:47,604350956925.0
2022-06-05 16:13:37,571672455375.0
2022-06-09 12:09:18,577792710250.0
2022-06-13 20:53:29,447665288375.0
2022-06-18 10:35:21,370329311287.5
2022-06-22 19:18:09,384270973712.5
2022-06-27 03:39:38,403312223125.0
2022-07-01 05:00:52,369999980000.0
2022-07-05 15:38:00,370657210156.8301
2022-07-10 01:09:16,407736635312.5
2022-07-14 16:49:52,387102379275.0
2022-07-19 06:10:39,420066135450.0
2022-07-23 18:50:47,423448605828.18884
2022-07-27 15:58:31,410357905925.0
2022-07-31 23:31:55,445906619031.25
2022-08-05 06:13:32,442900045412.5
2022-08-09 07:10:51,455747289216.18994
2022-08-13 11:55:46,465257909850.0
2022-08-17 23:11:07,446361016125.0
2022-08-21 22:51:09,413071994343.75
2022-08-25 22:16:13,412692505980.03345
2022-08-29 19:04:38,386371442575.0
2022-09-03 01:08:07,383097510675.59784
2022-09-07 01:23:53,360740349550.0
2022-09-11 04:55:30,413802844738.116
2022-09-15 08:25:21,386183821968.75
2022-09-19 13:55:10,364827201337.5
2022-09-24 00:54:48,365819917262.5
2022-09-28 09:17:21,357556694213.9471
2022-10-02 03:16:13,370433119787.5
2022-10-05 22:19:03,384060795300.0
2022-10-09 15:30:25,374301510300.0
2022-10-13 18:35:24,367721967937.5
2022-10-17 20:22:36,374432762000.0
2022-10-21 23:08:19,368349254143.75
2022-10-26 09:05:32,397053953381.25
2022-10-30 15:12:54,398284966968.75
2022-11-03 18:15:42,387940554000.0
2022-11-08 01:33:52,396178746468.75
2022-11-12 03:57:05,323912584125.0
2022-11-16 13:02:42,319770662343.75
2022-11-20 19:11:11,318432118500.0
2022-11-25 11:00:32,316593587968.75
2022-11-30 04:48:49,324287537850.0
2022-12-04 18:07:33,328024337543.75
2022-12-08 18:14:11,326513109018.75
2022-12-12 21:07:04,329694176000.0
2022-12-17 02:43:42,319661251437.5
2022-12-21 12:51:13,324342862600.0
2022-12-26 07:57:46,324542365343.75
2022-12-30 17:34:06,318467273575.0
2023-01-03 15:11:49,321149039712.5
2023-01-07 12:27:58,325931077700.0
2023-01-11 10:30:58,336222749100.0
2023-01-15 10:13:54,399664315050.0
2023-01-19 10:17:28,400842263156.25
2023-01-23 18:56:21,445417759150.0
2023-01-27 17:13:19,445738039950.0
2023-01-31 22:43:05,441624146550.0
2023-02-05 07:30:27,450813306125.0
2023-02-09 13:43:06,437653794050.0
2023-02-13 14:16:20,417197361250.0
2023-02-17 09:19:37,458530954912.5
2023-02-21 04:41:24,480872689318.75
2023-02-25 07:25:00,445878898156.25
2023-03-01 14:52:49,457994933775.0
2023-03-05 11:40:49,432810954812.5
2023-03-09 20:05:54,403058788187.5
2023-03-13 18:46:54,468815550562.5
2023-03-18 02:31:12,528531939950.0
2023-03-22 02:50:16,542415531012.5
2023-03-25 21:49:32,529593365000.0
2023-03-30 04:38:49,553534945562.5
2023-04-03 10:22:00,547709057475.0
2023-04-07 15:54:25,539715100925.0
2023-04-11 22:29:59,583713228000.0
2023-04-16 01:17:26,583442456100.0
2023-04-20 04:34:40,560278731768.75
2023-04-24 14:18:46,535557173437.5
2023-04-29 04:34:05,569677476918.75
2023-05-03 07:39:59,555249445050.0
2023-05-07 19:23:17,559097262300.0
2023-05-11 18:48:28,522597731212.5
2023-05-15 19:04:47,532059086250.0
2023-05-19 21:34:36,521661985250.0
2023-05-24 03:00:35,527037213450.0
2023-05-28 06:21:45,527548666781.25
2023-06-01 09:57:41,522728270250.0
2023-06-05 14:53:19,519651846937.5
2023-06-09 16:36:42,513955166400.0
2023-06-13 16:06:23,500165675125.0
2023-06-18 00:22:38,515206898437.5
2023-06-22 13:44:42,587762747000.0
2023-06-26 19:48:55,586966932600.0
2023-07-01 07:28:51,591141050937.5
2023-07-05 11:06:16,591239224200.0
2023-07-09 05:58:04,588986656800.0
2023-07-13 11:36:04,594796065093.75
2023-07-17 22:15:54,587315790400.0
2023-07-22 09:34:29,582650721737.5
2023-07-26 14:47:36,570304862531.25
2023-07-30 22:58:56,567967912443.75
2023-08-04 04:28:52,567322287675.0
2023-08-08 09:23:37,567803992962.5
2023-08-12 13:41:02,572779807175.0
2023-08-16 12:29:45,567016711593.75
2023-08-20 12:25:06,509401827375.0
2023-08-24 15:58:02,508451390275.0
2023-08-29 09:04:02,505884317262.5
2023-09-02 15:51:31,505458214218.75
2023-09-07 00:10:28,502208042037.5
2023-09-11 06:14:23,504547425800.0
2023-09-15 04:49:12,519241776562.5
2023-09-19 01:36:05,521449097343.75
2023-09-23 11:10:01,518725361250.0
2023-09-27 14:17:23,518710658625.0
2023-10-01 22:41:03,544086967500.0
2023-10-06 02:23:09,537581783662.5
2023-10-09 23:10:38,539190087475.0
2023-10-13 21:45:32,527452186237.5
2023-10-17 22:23:35,555406960050.0
2023-10-22 05:05:09,584993153500.0
2023-10-26 11:05:43,669532225075.0
2023-10-30 14:08:48,677339302281.25
2023-11-03 17:16:59,676476699562.5
2023-11-07 22:01:27,694055694043.75
2023-11-12 00:43:53,723248470575.0
2023-11-16 10:20:15,730446955468.75
2023-11-20 06:59:03,726681565312.5
2023-11-24 08:34:23,733002474675.0
2023-11-28 12:33:41,728140431906.25
2023-12-02 19:34:18,769514163087.5
2023-12-06 23:17:47,855977424187.5
2023-12-11 10:33:10,829848350006.25
2023-12-15 13:43:44,831929557893.75
2023-12-19 11:52:09,844209844650.0
2023-12-23 07:56:35,854478871275.0
2023-12-27 12:15:20,842760755287.5
2023-12-31 19:58:36,836031611375.0
2024-01-04 20:56:51,869635395700.0
2024-01-09 13:05:22,905211944993.75
2024-01-13 11:43:40,836798189268.75
2024-01-18 07:08:51,839157675950.0
2024-01-22 14:46:29,796838067225.0
2024-01-26 11:58:26,809211050968.75
2024-01-30 06:34:56,850439835012.5
2024-02-03 07:55:02,845526007475.0
2024-02-07 04:43:22,841218695687.5
2024-02-11 06:03:21,946787620875.0
2024-02-15 08:32:29,1019344340825.0
2024-02-19 21:37:41,1016089965750.0
2024-02-24 06:20:25,1000953702031.25
2024-02-28 13:45:13,1181744064875.0
2024-03-03 21:17:16,1230750833025.0
2024-03-07 22:19:08,1323375043187.5
2024-03-11 19:57:33,1416823207625.0
2024-03-16 03:24:18,1362497005037.5
2024-03-20 06:04:29,1212212868062.5
2024-03-24 13:49:08,1286954803750.0
2024-03-28 22:59:13,1393034605081.25
2024-04-02 09:03:10,1302364517700.0
2024-04-06 16:35:53,1337207976750.0
2024-04-10 12:36:23,1357679338400.0
2024-04-14 18:06:37,1259610469425.0
2024-04-18 23:17:51,1253282758775.0
2024-04-23 06:09:03,1310535473887.5
2024-04-27 08:44:21,1242670838728.125
2024-05-01 20:38:18,1131055429546.875
2024-05-06 06:54:20,1269206052350.0
2024-05-11 02:04:37,1199290576575.0
2024-05-15 11:20:23,1235713660737.5
2024-05-19 19:00:09,1313101384021.875
2024-05-23 20:23:44,1316521258812.5
2024-05-27 20:36:52,1373064100553.125
2024-06-01 08:14:07,1333036679921.875
2024-06-05 18:36:25,1402283627500.0
2024-06-09 22:13:43,1374234564400.0
2024-06-14 09:15:00,1322447042000.0
2024-06-18 15:40:58,1272561641550.0
2024-06-23 01:48:05,1272804601556.25
2024-06-27 21:54:21,1216477664950.0
2024-07-02 08:20:56,1233200539600.0
2024-07-06 18:20:52,1143272202531.25
2024-07-10 18:32:48,1139320528850.0
2024-07-14 22:09:53,1212259162300.0
2024-07-19 01:41:05,1256448654656.25
2024-07-22 20:40:15,1343697752662.5
2024-07-26 16:55:27,1336686290300.0
2024-07-30 15:43:25,1309466883512.5
2024-08-04 02:45:57,1202412432703.125
2024-08-08 15:45:33,1168977365412.5
2024-08-13 01:49:23,1180381991465.625
2024-08-17 06:29:22,1170389669340.625
2024-08-21 13:15:06,1176663429493.75
2024-08-25 12:44:46,1262688353437.5
2024-08-29 20:50:55,1175688699525.0
2024-09-03 00:54:42,1171124700693.75
2024-09-07 05:23:02,1075607455725.0
2024-09-11 10:36:41,1118497168359.375
2024-09-15 22:14:57,1180774005862.5
2024-09-20 09:59:44,1256834076400.0
2024-09-24 21:26:52,1272210499212.5
2024-09-29 10:27:22,1298162968046.875
2024-10-03 13:23:11,1192165837421.875
2024-10-07 11:16:29,1244954831750.0
2024-10-11 16:40:16,1231753245525.0
2024-10-15 21:03:13,1315729359675.0
2024-10-19 23:16:43,1350514874156.25
2024-10-23 19:38:15,1309243558640.625
2024-10-27 22:47:23,1349611422112.5
2024-10-31 17:45:39,1397422213481.25
2024-11-04 22:28:08,1338858382546.875
2024-11-09 02:58:57,1508283626737.5
2024-11-13 13:28:28,1733783865368.75
2024-11-17 17:55:30,1790216832875.0
2024-11-21 17:28:34,1923250438796.875
2024-11-25 22:24:14,1864371772375.0
2024-11-30 09:33:50,1915609987500.0
2024-12-04 12:47:57,1900260469312.5
2024-12-08 18:56:12,1976728027071.875
2024-12-12 19:59:35,1967201485031.25
2024-12-16 21:18:29,2093539359375.0
2024-12-21 03:39:34,1929353153000.0
2024-12-25 10:19:28,1953243062225.0
2024-12-29 13:58:09,1883152912265.625
2025-01-02 18:20:51,1918528466525.0
2025-01-06 23:59:59,2025631848187.5
2025-01-11 09:51:31,1869736998656.25
2025-01-15 17:03:39,1963285865740.625
2025-01-20 00:23:13,2007796533187.5
2025-01-24 07:56:51,2075955342812.5
2025-01-28 18:27:58,2043263526281.25
2025-02-01 19:52:45,2012941556937.5
2025-02-05 21:11:55,1926839651800.0
2025-02-09 19:58:37,1902983166365.625
2025-02-14 08:32:51,1924857603418.75
2025-02-18 12:54:51,1910333627781.25
2025-02-23 04:20:01,1914702198475.0
2025-02-27 10:34:09,1717699913231.25
2025-03-03 16:24:42,1790886634200.0
2025-03-07 22:16:50,1707560953537.5
2025-03-12 01:07:25,1646096937200.0
2025-03-16 06:04:44,1677422495925.0
2025-03-20 12:14:28,1698872478143.75
2025-03-24 14:40:20,1754830729125.0
2025-03-28 17:11:45,1666659397715.625
2025-04-02 01:27:23,1684820973275.0
2025-04-05 18:43:21,1648109152500.0
2025-04-10 02:58:05,1634396801625.0
2025-04-14 05:40:14,1680590686687.5
2025-04-18 09:12:19,1677854857362.5
2025-04-22 22:24:18,1842157476900.0
2025-04-27 13:43:25,1864337149021.875
2025-05-01 22:19:48,1917917452081.25
2025-05-05 20:26:42,1876058925984.375
2025-05-10 00:26:53,2044854348281.25
2025-05-14 08:27:38,2055978337500.0
2025-05-18 14:20:55,2077236338750.0
2025-05-22 18:00:10,2213734690687.5
2025-05-26 21:31:51,2171229046875.0
2025-05-30 21:02:34,2077045936875.0
2025-06-04 05:26:15,2094737386250.0
2025-06-08 14:55:14,2103686093250.0
2025-06-12 17:54:02,2152590312031.25
2025-06-17 03:36:17,2137691359531.25
2025-06-21 14:46:47,2063937768156.25
2025-06-26 13:10:16,2130747673125.0
2025-06-30 19:36:38,2141891103156.25
2025-07-04 22:56:45,2155423168312.5
2025-07-09 00:00:51,2169156708687.5
2025-07-12 21:30:43,2330686322687.5
2025-07-17 04:27:56,2352995787500.0
2025-07-21 12:14:28,2349842372156.25
2025-07-25 15:27:53,2297541591843.75
2025-07-30 03:22:01,2351096756718.75
2025-08-03 10:25:45,2268935099437.5
2025-08-07 13:36:01,2319122684625.0
2025-08-13 15:51:06,2411392397625.0
2025-08-19 09:53:59,2302422723281.25
2025-08-25 08:06:25,2224088370312.5
2025-08-30 13:27:58,2160844742531.25
2025-09-05 14:16:32,2238621273750.0
2025-09-11 09:38:51,2269617504187.5
2025-09-17 01:04:46,2324898494062.5
2025-09-22 13:58:45,2248299974375.0
2025-09-28 06:18:42,2185821766406.25
2025-10-04 06:10:05,2441022955250.0
2025-10-10 16:00:44,2376775148000.0
2025-10-16 06:35:09,2222787692187.5
2025-10-21 17:14:48,2247004851875.0
2025-10-27 10:20:28,2299357432531.25
2025-11-02 16:09:29,2199373315500.0
2025-11-09 02:02:52,2038707170718.75
2025-11-15 02:54:03,1920489628312.5
2025-11-21 17:36:14,1702909282462.5
2025-11-27 10:04:46,1828795936746.875
2025-12-02 22:12:58,1828706608756.25
2025-12-08 22:27:09,1816116611062.5
2025-12-14 19:47:03,1768388366221.875
2025-12-20 15:34:48,1760951671153.125
2025-12-26 18:08:27,1745560215937.5
2026-01-01 16:54:48,1756954651653.125
2026-01-07 18:33:57,1822539968915.625
2026-01-13 10:57:26,1837731050000.0
2026-01-19 16:45:25,1861871726662.5
2026-01-26 05:32:09,1755759657450.0
2026-02-01 20:58:43,1548402126250.0
2026-02-07 20:04:06,1387416188437.5
2026-02-13 04:13:24,1332173767771.875
2026-02-17 22:21:29,1352795833781.25
2026-02-23 18:01:53,1297734939753.125
2026-03-01 05:37:01,1350172493334.375
2026-03-07 05:16:39,1359949661465.625
2026-03-13 13:03:30,1455319144500.0
2026-03-19 17:53:34,1392287752500.0
2026-03-25 04:28:05,1417284008550.0
2026-03-30 17:19:38,1344020272968.75
2026-04-05 17:57:10,1347459158543.75
2026-04-12 03:49:21,1434468860290.625
2026-04-18 03:54:07,1544561154631.25
2026-04-24 04:25:27,1557094081681.25
2026-04-30 01:55:52,1528664487862.5
2026-05-05 19:39:37,1631795254928.125
2026-05-11 07:14:42,1617767592200.0
2026-05-17 07:19:47,1563563726712.5
2026-05-23 06:36:48,1512369198587.5
2026-05-29 04:45:47,1471242562125.0
