date,n-unique-addresses
2009-01-03,2.0
2009-01-12,102.0
2009-01-16,110.0
2009-01-20,115.0
2009-01-24,202.0
2009-01-28,112.0
2009-02-01,114.0
2009-02-05,126.0
2009-02-09,135.0
2009-02-14,136.0
2009-02-18,118.0
2009-02-22,125.0
2009-02-26,107.0
2009-03-02,108.0
2009-03-06,117.0
2009-03-10,107.0
2009-03-15,123.0
2009-03-19,122.0
2009-03-23,130.0
2009-03-27,106.0
2009-03-31,111.0
2009-04-04,113.0
2009-04-08,105.0
2009-04-12,120.0
2009-04-16,123.0
2009-04-20,121.0
2009-04-24,115.0
2009-04-28,117.0
2009-05-02,130.0
2009-05-06,135.0
2009-05-10,85.0
2009-05-14,143.0
2009-05-18,118.0
2009-05-22,62.0
2009-05-26,125.0
2009-05-30,109.0
2009-06-03,72.0
2009-06-08,82.0
2009-06-12,86.0
2009-06-16,71.0
2009-06-20,78.0
2009-06-24,98.0
2009-06-28,48.0
2009-07-02,85.0
2009-07-07,69.0
2009-07-11,83.0
2009-07-15,45.0
2009-07-19,69.0
2009-07-23,75.0
2009-07-27,74.0
2009-07-31,17.0
2009-08-04,81.0
2009-08-08,80.0
2009-08-12,63.0
2009-08-16,20.0
2009-08-20,23.0
2009-08-24,15.0
2009-08-28,75.0
2009-09-01,79.0
2009-09-05,76.0
2009-09-09,54.0
2009-09-13,75.0
2009-09-17,86.0
2009-09-21,70.0
2009-09-25,93.0
2009-09-29,90.0
2009-10-03,58.0
2009-10-07,59.0
2009-10-11,74.0
2009-10-15,71.0
2009-10-19,112.0
2009-10-23,89.0
2009-10-27,65.0
2009-10-31,46.0
2009-11-04,64.0
2009-11-08,73.0
2009-11-12,66.0
2009-11-16,97.0
2009-11-20,86.0
2009-11-24,93.0
2009-11-28,71.0
2009-12-02,94.0
2009-12-07,112.0
2009-12-11,112.0
2009-12-15,113.0
2009-12-19,199.0
2009-12-23,154.0
2009-12-27,168.0
2009-12-31,138.0
2010-01-04,184.0
2010-01-08,153.0
2010-01-12,162.0
2010-01-16,126.0
2010-01-20,158.0
2010-01-24,155.0
2010-01-28,178.0
2010-02-01,193.0
2010-02-05,228.0
2010-02-09,211.0
2010-02-13,235.0
2010-02-17,248.0
2010-02-21,227.0
2010-02-25,158.0
2010-03-01,199.0
2010-03-05,173.0
2010-03-09,148.0
2010-03-13,154.0
2010-03-17,139.0
2010-03-21,187.0
2010-03-25,201.0
2010-03-29,201.0
2010-04-02,159.0
2010-04-06,174.0
2010-04-10,295.0
2010-04-14,221.0
2010-04-18,3359.0
2010-04-22,191.0
2010-04-26,207.0
2010-04-30,170.0
2010-05-04,161.0
2010-05-09,178.0
2010-05-13,155.0
2010-05-17,163.0
2010-05-21,215.0
2010-05-25,247.0
2010-05-29,233.0
2010-06-02,189.0
2010-06-06,191.0
2010-06-10,218.0
2010-06-14,255.0
2010-06-18,190.0
2010-06-22,236.0
2010-06-26,199.0
2010-06-30,261.0
2010-07-04,205.0
2010-07-08,223.0
2010-07-12,3368.0
2010-07-16,1436.0
2010-07-21,524.0
2010-07-25,1881.0
2010-07-29,431.0
2010-08-02,431.0
2010-08-06,422.0
2010-08-10,370.0
2010-08-14,440.0
2010-08-18,450.0
2010-08-22,373.0
2010-08-26,388.0
2010-08-30,359.0
2010-09-03,373.0
2010-09-07,290.0
2010-09-11,330.0
2010-09-15,484.0
2010-09-19,389.0
2010-09-23,725.0
2010-09-27,693.0
2010-10-01,672.0
2010-10-05,491.0
2010-10-09,484.0
2010-10-13,457.0
2010-10-17,541.0
2010-10-21,697.0
2010-10-25,517.0
2010-10-29,542.0
2010-11-02,322.0
2010-11-06,447.0
2010-11-10,458.0
2010-11-14,457.0
2010-11-18,469.0
2010-11-22,418.0
2010-11-26,955.0
2010-11-30,577.0
2010-12-04,537.0
2010-12-08,674.0
2010-12-12,979.0
2010-12-16,706.0
2010-12-20,1120.0
2010-12-24,711.0
2010-12-28,877.0
2011-01-02,740.0
2011-01-06,842.0
2011-01-10,1187.0
2011-01-14,1096.0
2011-01-18,1126.0
2011-01-22,1703.0
2011-01-26,1251.0
2011-01-30,2852.0
2011-02-03,989.0
2011-02-07,1091.0
2011-02-11,3680.0
2011-02-15,2893.0
2011-02-19,2313.0
2011-02-23,3287.0
2011-02-28,2510.0
2011-03-04,2802.0
2011-03-08,3483.0
2011-03-12,2722.0
2011-03-16,2541.0
2011-03-20,4021.0
2011-03-24,3675.0
2011-03-28,4225.0
2011-04-01,2714.0
2011-04-05,3576.0
2011-04-09,3069.0
2011-04-13,3658.0
2011-04-17,3549.0
2011-04-21,3329.0
2011-04-25,4239.0
2011-04-29,5637.0
2011-05-03,5023.0
2011-05-07,6034.0
2011-05-11,5601.0
2011-05-15,6879.0
2011-05-19,10305.0
2011-05-23,10231.0
2011-05-27,8881.0
2011-05-31,11804.0
2011-06-04,16869.0
2011-06-08,21324.0
2011-06-12,23112.0
2011-06-16,24631.0
2011-06-20,22601.0
2011-06-24,21877.0
2011-06-28,22438.0
2011-07-02,29542.0
2011-07-06,22736.0
2011-07-10,25407.0
2011-07-14,25886.0
2011-07-19,21575.0
2011-07-23,19426.0
2011-07-27,20996.0
2011-07-31,21881.0
2011-08-04,15847.0
2011-08-08,18340.0
2011-08-12,14112.0
2011-08-16,17699.0
2011-08-20,18706.0
2011-08-24,19095.0
2011-08-28,16263.0
2011-09-01,14081.0
2011-09-05,15423.0
2011-09-09,14345.0
2011-09-13,12622.0
2011-09-17,10988.0
2011-09-21,13718.0
2011-09-26,15796.0
2011-09-30,11283.0
2011-10-04,11300.0
2011-10-08,10489.0
2011-10-12,11384.0
2011-10-16,9703.0
2011-10-20,9169.0
2011-10-24,11426.0
2011-10-28,9929.0
2011-11-01,10579.0
2011-11-05,11062.0
2011-11-09,11835.0
2011-11-13,10130.0
2011-11-17,9659.0
2011-11-21,8063.0
2011-11-25,9369.0
2011-11-29,11231.0
2011-12-03,9455.0
2011-12-07,9967.0
2011-12-11,8796.0
2011-12-15,7800.0
2011-12-19,9898.0
2011-12-23,9532.0
2011-12-27,8865.0
2011-12-31,8198.0
2012-01-04,9542.0
2012-01-08,10661.0
2012-01-12,10691.0
2012-01-16,11532.0
2012-01-20,10999.0
2012-01-24,11684.0
2012-01-28,10203.0
2012-02-01,11456.0
2012-02-05,11451.0
2012-02-09,12023.0
2012-02-13,12755.0
2012-02-17,11012.0
2012-02-21,11225.0
2012-02-25,11022.0
2012-02-29,12043.0
2012-03-04,12059.0
2012-03-08,12185.0
2012-03-12,11290.0
2012-03-16,12250.0
2012-03-20,12143.0
2012-03-24,10955.0
2012-03-28,12531.0
2012-04-01,9862.0
2012-04-05,12119.0
2012-04-10,13537.0
2012-04-14,13106.0
2012-04-18,14652.0
2012-04-22,11365.0
2012-04-26,14837.0
2012-04-30,15186.0
2012-05-04,17784.0
2012-05-08,19584.0
2012-05-12,19032.0
2012-05-16,20227.0
2012-05-20,24706.0
2012-05-24,23103.0
2012-05-28,24094.0
2012-06-01,23507.0
2012-06-05,34403.0
2012-06-09,25160.0
2012-06-13,38857.0
2012-06-17,32557.0
2012-06-21,23348.0
2012-06-25,26708.0
2012-06-29,26456.0
2012-07-03,26886.0
2012-07-07,25832.0
2012-07-11,28013.0
2012-07-15,24275.0
2012-07-19,27587.0
2012-07-23,33404.0
2012-07-27,26568.0
2012-07-31,45337.0
2012-08-04,28146.0
2012-08-08,39343.0
2012-08-12,31503.0
2012-08-16,47583.0
2012-08-20,33907.0
2012-08-24,35254.0
2012-08-28,31789.0
2012-09-01,36448.0
2012-09-05,34684.0
2012-09-09,32968.0
2012-09-13,27581.0
2012-09-17,26455.0
2012-09-21,29568.0
2012-09-26,36372.0
2012-09-30,25258.0
2012-10-04,36409.0
2012-10-08,38115.0
2012-10-12,35240.0
2012-10-16,31821.0
2012-10-20,32674.0
2012-10-24,32550.0
2012-10-28,21241.0
2012-11-01,23851.0
2012-11-05,28848.0
2012-11-09,28298.0
2012-11-13,25520.0
2012-11-17,44133.0
2012-11-21,33493.0
2012-11-25,27861.0
2012-11-29,31421.0
2012-12-03,23875.0
2012-12-07,30025.0
2012-12-11,29038.0
2012-12-16,28686.0
2012-12-20,29958.0
2012-12-24,28575.0
2012-12-28,33348.0
2013-01-02,34292.0
2013-01-06,32347.0
2013-01-10,44686.0
2013-01-14,33866.0
2013-01-18,43006.0
2013-01-22,38013.0
2013-01-26,41077.0
2013-01-30,34666.0
2013-02-03,43416.0
2013-02-07,44492.0
2013-02-11,39656.0
2013-02-15,38769.0
2013-02-19,39820.0
2013-02-23,41790.0
2013-02-27,42868.0
2013-03-03,35819.0
2013-03-07,50988.0
2013-03-11,41067.0
2013-03-15,51708.0
2013-03-19,52413.0
2013-03-23,50305.0
2013-03-27,58532.0
2013-03-31,48515.0
2013-04-04,86454.0
2013-04-08,94011.0
2013-04-12,81347.0
2013-04-16,81694.0
2013-04-20,62602.0
2013-04-24,81580.0
2013-04-28,104608.0
2013-05-02,65415.0
2013-05-07,94788.0
2013-05-11,66176.0
2013-05-15,68388.0
2013-05-19,51697.0
2013-05-23,68378.0
2013-05-27,59658.0
2013-05-31,61670.0
2013-06-04,64541.0
2013-06-08,47541.0
2013-06-12,52892.0
2013-06-16,39659.0
2013-06-20,54098.0
2013-06-24,52722.0
2013-06-28,56602.0
2013-07-02,51868.0
2013-07-06,42492.0
2013-07-10,54321.0
2013-07-14,38901.0
2013-07-18,52109.0
2013-07-22,50290.0
2013-07-26,51523.0
2013-07-30,58704.0
2013-08-03,49767.0
2013-08-07,64954.0
2013-08-11,43353.0
2013-08-15,64588.0
2013-08-19,69236.0
2013-08-23,63359.0
2013-08-27,72059.0
2013-08-31,77866.0
2013-09-04,62447.0
2013-09-08,44651.0
2013-09-12,63265.0
2013-09-16,57572.0
2013-09-20,66115.0
2013-09-24,65926.0
2013-09-28,56523.0
2013-10-02,77728.0
2013-10-06,49517.0
2013-10-10,67237.0
2013-10-14,68679.0
2013-10-18,70030.0
2013-10-22,91759.0
2013-10-26,60631.0
2013-10-30,78591.0
2013-11-03,65338.0
2013-11-07,109301.0
2013-11-11,88300.0
2013-11-15,102176.0
2013-11-19,170557.0
2013-11-23,130687.0
2013-11-27,170801.0
2013-12-01,136377.0
2013-12-05,157285.0
2013-12-09,136327.0
2013-12-13,121972.0
2013-12-17,133831.0
2013-12-21,107061.0
2013-12-25,113223.0
2013-12-29,94132.0
2014-01-02,114151.0
2014-01-06,151592.0
2014-01-10,108863.0
2014-01-14,110009.0
2014-01-18,92393.0
2014-01-22,132174.0
2014-01-26,109747.0
2014-01-30,131665.0
2014-02-03,151697.0
2014-02-07,142073.0
2014-02-11,129779.0
2014-02-15,128245.0
2014-02-19,154079.0
2014-02-23,144957.0
2014-02-27,162312.0
2014-03-03,207617.0
2014-03-07,156936.0
2014-03-11,155145.0
2014-03-15,120614.0
2014-03-19,141597.0
2014-03-23,126956.0
2014-03-27,160637.0
2014-03-31,148468.0
2014-04-04,154707.0
2014-04-08,142384.0
2014-04-12,112455.0
2014-04-16,149841.0
2014-04-20,147204.0
2014-04-24,135134.0
2014-04-28,146280.0
2014-05-02,122570.0
2014-05-06,144318.0
2014-05-10,115894.0
2014-05-14,136797.0
2014-05-18,151253.0
2014-05-22,137973.0
2014-05-26,143041.0
2014-05-30,127995.0
2014-06-03,160756.0
2014-06-07,120890.0
2014-06-11,145154.0
2014-06-15,156625.0
2014-06-19,132614.0
2014-06-23,136813.0
2014-06-27,144281.0
2014-07-01,157472.0
2014-07-05,110447.0
2014-07-09,157335.0
2014-07-13,168917.0
2014-07-17,147920.0
2014-07-21,135234.0
2014-07-25,152439.0
2014-07-29,142385.0
2014-08-02,121519.0
2014-08-06,173282.0
2014-08-10,174825.0
2014-08-14,165350.0
2014-08-18,167625.0
2014-08-22,156690.0
2014-08-26,163451.0
2014-08-30,141380.0
2014-09-03,146140.0
2014-09-07,212749.0
2014-09-11,149290.0
2014-09-15,160989.0
2014-09-19,143062.0
2014-09-23,163696.0
2014-09-27,141428.0
2014-10-01,184302.0
2014-10-05,220026.0
2014-10-09,159411.0
2014-10-13,181958.0
2014-10-17,157606.0
2014-10-22,171493.0
2014-10-26,184703.0
2014-10-30,176402.0
2014-11-03,173647.0
2014-11-07,163758.0
2014-11-11,170263.0
2014-11-15,150621.0
2014-11-19,172491.0
2014-11-23,223748.0
2014-11-27,181363.0
2014-12-01,181684.0
2014-12-05,194196.0
2014-12-09,186519.0
2014-12-13,155092.0
2014-12-17,209988.0
2014-12-21,205666.0
2014-12-25,140109.0
2014-12-29,163563.0
2015-01-02,179406.0
2015-01-06,179159.0
2015-01-10,242729.0
2015-01-14,217076.0
2015-01-18,214984.0
2015-01-22,186251.0
2015-01-26,216080.0
2015-01-30,161500.0
2015-02-03,203192.0
2015-02-07,159160.0
2015-02-11,191881.0
2015-02-15,300913.0
2015-02-19,180964.0
2015-02-23,213050.0
2015-02-27,198801.0
2015-03-03,218185.0
2015-03-07,213542.0
2015-03-11,202784.0
2015-03-15,219686.0
2015-03-19,191319.0
2015-03-23,217678.0
2015-03-27,196455.0
2015-03-31,226307.0
2015-04-04,215923.0
2015-04-08,215255.0
2015-04-12,217732.0
2015-04-16,188970.0
2015-04-20,209796.0
2015-04-24,204006.0
2015-04-28,209313.0
2015-05-02,233284.0
2015-05-06,225289.0
2015-05-10,219078.0
2015-05-14,200454.0
2015-05-18,206913.0
2015-05-22,208304.0
2015-05-26,227723.0
2015-05-30,266265.0
2015-06-03,246454.0
2015-06-07,220164.0
2015-06-11,233951.0
2015-06-15,272423.0
2015-06-19,253777.0
2015-06-23,256698.0
2015-06-27,254786.0
2015-07-01,253870.0
2015-07-05,269467.0
2015-07-09,269424.0
2015-07-13,240377.0
2015-07-17,205768.0
2015-07-21,255725.0
2015-07-25,195286.0
2015-07-29,269690.0
2015-08-02,255245.0
2015-08-06,245603.0
2015-08-10,235211.0
2015-08-14,227327.0
2015-08-18,249286.0
2015-08-22,258265.0
2015-08-26,237648.0
2015-08-30,245385.0
2015-09-03,246972.0
2015-09-07,263783.0
2015-09-11,276094.0
2015-09-15,268665.0
2015-09-19,221522.0
2015-09-23,244535.0
2015-09-27,256084.0
2015-10-01,248462.0
2015-10-05,233960.0
2015-10-09,209703.0
2015-10-13,239237.0
2015-10-17,307347.0
2015-10-21,289412.0
2015-10-25,296929.0
2015-10-29,292094.0
2015-11-02,309823.0
2015-11-06,358682.0
2015-11-10,311998.0
2015-11-14,328381.0
2015-11-18,324903.0
2015-11-22,319199.0
2015-11-26,314907.0
2015-11-30,409952.0
2015-12-04,329534.0
2015-12-08,388080.0
2015-12-12,445120.0
2015-12-16,396918.0
2015-12-20,409195.0
2015-12-24,382616.0
2015-12-28,335134.0
2016-01-01,263121.0
2016-01-05,359763.0
2016-01-09,390146.0
2016-01-13,339655.0
2016-01-17,462215.0
2016-01-21,415801.0
2016-01-25,420289.0
2016-01-29,410455.0
2016-02-02,488072.0
2016-02-06,419675.0
2016-02-10,417816.0
2016-02-14,421715.0
2016-02-18,415599.0
2016-02-22,465054.0
2016-02-26,391078.0
2016-03-01,483492.0
2016-03-05,411654.0
2016-03-09,337006.0
2016-03-13,351625.0
2016-03-17,397923.0
2016-03-21,355209.0
2016-03-25,332910.0
2016-03-29,384087.0
2016-04-02,349858.0
2016-04-06,400648.0
2016-04-10,369611.0
2016-04-14,386126.0
2016-04-18,391408.0
2016-04-22,360541.0
2016-04-26,438403.0
2016-04-30,370399.0
2016-05-04,393861.0
2016-05-08,363477.0
2016-05-12,373340.0
2016-05-16,428469.0
2016-05-20,352825.0
2016-05-24,407284.0
2016-05-28,378992.0
2016-06-01,411100.0
2016-06-05,370336.0
2016-06-09,433264.0
2016-06-13,450475.0
2016-06-17,456749.0
2016-06-21,466563.0
2016-06-25,410558.0
2016-06-29,370956.0
2016-07-03,349825.0
2016-07-07,364951.0
2016-07-11,392909.0
2016-07-15,367025.0
2016-07-19,372107.0
2016-07-23,338444.0
2016-07-27,373465.0
2016-07-31,344641.0
2016-08-04,384713.0
2016-08-08,412180.0
2016-08-12,389404.0
2016-08-16,423764.0
2016-08-20,399739.0
2016-08-24,408587.0
2016-08-28,331778.0
2016-09-01,385974.0
2016-09-05,422188.0
2016-09-09,380834.0
2016-09-13,410171.0
2016-09-17,394081.0
2016-09-21,408745.0
2016-09-25,377263.0
2016-09-29,438502.0
2016-10-03,494066.0
2016-10-07,470157.0
2016-10-11,456719.0
2016-10-15,390688.0
2016-10-19,340010.0
2016-10-23,370500.0
2016-10-27,544308.0
2016-10-31,456149.0
2016-11-04,429052.0
2016-11-08,515899.0
2016-11-12,441806.0
2016-11-16,481300.0
2016-11-20,452258.0
2016-11-24,555782.0
2016-11-28,531725.0
2016-12-02,579169.0
2016-12-06,569492.0
2016-12-10,456468.0
2016-12-14,495462.0
2016-12-18,418499.0
2016-12-22,528879.0
2016-12-26,448558.0
2016-12-30,496025.0
2017-01-03,515024.0
2017-01-07,503341.0
2017-01-11,491693.0
2017-01-15,417279.0
2017-01-19,516339.0
2017-01-23,425650.0
2017-01-27,462951.0
2017-01-31,523037.0
2017-02-04,500098.0
2017-02-08,516491.0
2017-02-12,422085.0
2017-02-16,489190.0
2017-02-20,503953.0
2017-02-24,590852.0
2017-02-28,542157.0
2017-03-04,489858.0
2017-03-08,526233.0
2017-03-12,422479.0
2017-03-16,594406.0
2017-03-20,512638.0
2017-03-24,540390.0
2017-03-28,553957.0
2017-04-01,502791.0
2017-04-05,577217.0
2017-04-09,489533.0
2017-04-13,449522.0
2017-04-17,469210.0
2017-04-21,612636.0
2017-04-25,580199.0
2017-04-29,634026.0
2017-05-03,547222.0
2017-05-07,581370.0
2017-05-11,568522.0
2017-05-15,636240.0
2017-05-19,633618.0
2017-05-23,687291.0
2017-05-27,651462.0
2017-05-31,614127.0
2017-06-04,537388.0
2017-06-08,609713.0
2017-06-12,538625.0
2017-06-16,536166.0
2017-06-20,591484.0
2017-06-24,469728.0
2017-06-28,549137.0
2017-07-02,409306.0
2017-07-06,459295.0
2017-07-10,567053.0
2017-07-14,473083.0
2017-07-18,561056.0
2017-07-22,433136.0
2017-07-26,460147.0
2017-07-30,386559.0
2017-08-03,427729.0
2017-08-07,512718.0
2017-08-11,580988.0
2017-08-15,650900.0
2017-08-19,535351.0
2017-08-23,628517.0
2017-08-27,509083.0
2017-08-31,589298.0
2017-09-04,561329.0
2017-09-08,606486.0
2017-09-12,549110.0
2017-09-16,486763.0
2017-09-20,480583.0
2017-09-24,383449.0
2017-09-28,561793.0
2017-10-02,606138.0
2017-10-06,609683.0
2017-10-10,613364.0
2017-10-14,594482.0
2017-10-18,646494.0
2017-10-22,573815.0
2017-10-26,555570.0
2017-10-30,672661.0
2017-11-03,670963.0
2017-11-07,714417.0
2017-11-11,459977.0
2017-11-15,709294.0
2017-11-19,603430.0
2017-11-23,747162.0
2017-11-27,829651.0
2017-12-01,869275.0
2017-12-05,891236.0
2017-12-09,877575.0
2017-12-13,958477.0
2017-12-17,877465.0
2017-12-21,840740.0
2017-12-25,565075.0
2017-12-29,838926.0
2018-01-02,850802.0
2018-01-06,889099.0
2018-01-10,876990.0
2018-01-14,592042.0
2018-01-18,744190.0
2018-01-22,574421.0
2018-01-26,514622.0
2018-01-30,531441.0
2018-02-03,436197.0
2018-02-07,489403.0
2018-02-11,368625.0
2018-02-15,475030.0
2018-02-19,436342.0
2018-02-23,424503.0
2018-02-27,494788.0
2018-03-03,416967.0
2018-03-07,474917.0
2018-03-11,349041.0
2018-03-15,459150.0
2018-03-19,421648.0
2018-03-23,430897.0
2018-03-27,414091.0
2018-03-31,332753.0
2018-04-04,432978.0
2018-04-08,311300.0
2018-04-12,442158.0
2018-04-16,433712.0
2018-04-20,509923.0
2018-04-24,548252.0
2018-04-28,429929.0
2018-05-02,468951.0
2018-05-06,386315.0
2018-05-10,465046.0
2018-05-14,469798.0
2018-05-18,499648.0
2018-05-22,441616.0
2018-05-26,356716.0
2018-05-30,443065.0
2018-06-03,369975.0
2018-06-07,433804.0
2018-06-11,446188.0
2018-06-15,476263.0
2018-06-19,413610.0
2018-06-23,368137.0
2018-06-27,397242.0
2018-07-01,341862.0
2018-07-05,413998.0
2018-07-09,425385.0
2018-07-13,473175.0
2018-07-17,487160.0
2018-07-21,385950.0
2018-07-25,525952.0
2018-07-29,380501.0
2018-08-02,470017.0
2018-08-06,452410.0
2018-08-10,510030.0
2018-08-14,514445.0
2018-08-18,399289.0
2018-08-22,484463.0
2018-08-26,368938.0
2018-08-30,463657.0
2018-09-03,455957.0
2018-09-07,539383.0
2018-09-11,474061.0
2018-09-15,427958.0
2018-09-19,480228.0
2018-09-23,401264.0
2018-09-27,481908.0
2018-10-01,484983.0
2018-10-05,533087.0
2018-10-09,463257.0
2018-10-13,400481.0
2018-10-17,490531.0
2018-10-21,403199.0
2018-10-25,474715.0
2018-10-29,495174.0
2018-11-02,565269.0
2018-11-06,519342.0
2018-11-10,448643.0
2018-11-14,524970.0
2018-11-18,393876.0
2018-11-22,467175.0
2018-11-26,469613.0
2018-11-30,460123.0
2018-12-04,492965.0
2018-12-08,382550.0
2018-12-12,439270.0
2018-12-16,364388.0
2018-12-20,475406.0
2018-12-24,419725.0
2018-12-28,485694.0
2019-01-01,310120.0
2019-01-05,385489.0
2019-01-09,463346.0
2019-01-13,372207.0
2019-01-17,462879.0
2019-01-21,449404.0
2019-01-25,492261.0
2019-01-29,480702.0
2019-02-02,418174.0
2019-02-06,482655.0
2019-02-10,380922.0
2019-02-14,473265.0
2019-02-18,508261.0
2019-02-22,542172.0
2019-02-26,532149.0
2019-03-02,481021.0
2019-03-06,524992.0
2019-03-10,392557.0
2019-03-14,551001.0
2019-03-18,533680.0
2019-03-22,550986.0
2019-03-26,522961.0
2019-03-30,513840.0
2019-04-03,626468.0
2019-04-07,447559.0
2019-04-11,620631.0
2019-04-15,576183.0
2019-04-19,597098.0
2019-04-23,548492.0
2019-04-27,460846.0
2019-05-01,565408.0
2019-05-05,460613.0
2019-05-09,619054.0
2019-05-13,648734.0
2019-05-17,676115.0
2019-05-21,657474.0
2019-05-25,511153.0
2019-05-29,680323.0
2019-06-02,489569.0
2019-06-06,602273.0
2019-06-10,607094.0
2019-06-14,731367.0
2019-06-18,696937.0
2019-06-22,643642.0
2019-06-26,768792.0
2019-06-30,497075.0
2019-07-04,603018.0
2019-07-08,622449.0
2019-07-12,637928.0
2019-07-16,595749.0
2019-07-20,488968.0
2019-07-24,490408.0
2019-07-28,391947.0
2019-08-01,558918.0
2019-08-05,583599.0
2019-08-09,562840.0
2019-08-13,566410.0
2019-08-17,441149.0
2019-08-21,599152.0
2019-08-25,393555.0
2019-08-29,545362.0
2019-09-02,529944.0
2019-09-06,601748.0
2019-09-10,564563.0
2019-09-14,491282.0
2019-09-18,578686.0
2019-09-22,456990.0
2019-09-26,554702.0
2019-09-30,540376.0
2019-10-04,545609.0
2019-10-08,534935.0
2019-10-12,452069.0
2019-10-16,545056.0
2019-10-20,437713.0
2019-10-24,515253.0
2019-10-28,540579.0
2019-11-01,563151.0
2019-11-05,576664.0
2019-11-09,519291.0
2019-11-13,555616.0
2019-11-17,430853.0
2019-11-21,584765.0
2019-11-25,495578.0
2019-11-29,543960.0
2019-12-03,565368.0
2019-12-07,465570.0
2019-12-11,521113.0
2019-12-15,434034.0
2019-12-19,539310.0
2019-12-24,493086.0
2019-12-28,490465.0
2020-01-01,389706.0
2020-01-05,459065.0
2020-01-09,553318.0
2020-01-13,501600.0
2020-01-17,562153.0
2020-01-21,544525.0
2020-01-25,461312.0
2020-01-29,573372.0
2020-02-02,501222.0
2020-02-06,552411.0
2020-02-10,526825.0
2020-02-14,564227.0
2020-02-18,569291.0
2020-02-22,525819.0
2020-02-26,588558.0
2020-03-01,505885.0
2020-03-05,603996.0
2020-03-09,606002.0
2020-03-14,517382.0
2020-03-18,476482.0
2020-03-22,409829.0
2020-03-26,539881.0
2020-03-30,535787.0
2020-04-03,548300.0
2020-04-07,598670.0
2020-04-11,474445.0
2020-04-15,612959.0
2020-04-19,485888.0
2020-04-23,666919.0
2020-04-27,629817.0
2020-05-01,680654.0
2020-05-05,652289.0
2020-05-09,631542.0
2020-05-13,619855.0
2020-05-17,495954.0
2020-05-21,624412.0
2020-05-26,605213.0
2020-05-30,556912.0
2020-06-03,646746.0
2020-06-07,487527.0
2020-06-11,673800.0
2020-06-15,606713.0
2020-06-19,674050.0
2020-06-23,704215.0
2020-06-27,546558.0
2020-07-01,758469.0
2020-07-05,509206.0
2020-07-09,708162.0
2020-07-13,638906.0
2020-07-17,629600.0
2020-07-21,660884.0
2020-07-25,619497.0
2020-07-29,717842.0
2020-08-02,616214.0
2020-08-06,762479.0
2020-08-10,683507.0
2020-08-14,755913.0
2020-08-18,739835.0
2020-08-22,649053.0
2020-08-26,696908.0
2020-08-30,555079.0
2020-09-03,691592.0
2020-09-07,672721.0
2020-09-11,677215.0
2020-09-15,718787.0
2020-09-19,624125.0
2020-09-23,733591.0
2020-09-27,538619.0
2020-10-01,679937.0
2020-10-05,635097.0
2020-10-09,714645.0
2020-10-13,732250.0
2020-10-17,586741.0
2020-10-21,687152.0
2020-10-25,547380.0
2020-10-29,652778.0
2020-11-02,543348.0
2020-11-06,756129.0
2020-11-10,684892.0
2020-11-14,613373.0
2020-11-18,807705.0
2020-11-22,587237.0
2020-11-26,736612.0
2020-11-30,623554.0
2020-12-04,729984.0
2020-12-08,737193.0
2020-12-12,654893.0
2020-12-16,751162.0
2020-12-20,638816.0
2020-12-24,639280.0
2020-12-28,717073.0
2021-01-01,609741.0
2021-01-05,845343.0
2021-01-09,760179.0
2021-01-13,772596.0
2021-01-17,642730.0
2021-01-21,736588.0
2021-01-25,732867.0
2021-01-29,888960.0
2021-02-02,865515.0
2021-02-06,795079.0
2021-02-10,861426.0
2021-02-14,698818.0
2021-02-18,820203.0
2021-02-22,761941.0
2021-02-26,817077.0
2021-03-02,810035.0
2021-03-06,677322.0
2021-03-10,833186.0
2021-03-14,736008.0
2021-03-18,885634.0
2021-03-22,781908.0
2021-03-26,790548.0
2021-03-30,826466.0
2021-04-03,704293.0
2021-04-07,860993.0
2021-04-11,653736.0
2021-04-15,952400.0
2021-04-19,674744.0
2021-04-23,794322.0
2021-04-27,748381.0
2021-05-01,677778.0
2021-05-05,808208.0
2021-05-09,690253.0
2021-05-13,806882.0
2021-05-17,684281.0
2021-05-21,695822.0
2021-05-25,640506.0
2021-05-29,537305.0
2021-06-02,663855.0
2021-06-06,467665.0
2021-06-10,679752.0
2021-06-14,624698.0
2021-06-18,567037.0
2021-06-22,550948.0
2021-06-26,490112.0
2021-06-30,567655.0
2021-07-04,467442.0
2021-07-08,580441.0
2021-07-12,560833.0
2021-07-16,552751.0
2021-07-20,571829.0
2021-07-24,497255.0
2021-07-28,605433.0
2021-08-01,474430.0
2021-08-05,614597.0
2021-08-09,611235.0
2021-08-13,639596.0
2021-08-17,618951.0
2021-08-21,555440.0
2021-08-25,636566.0
2021-08-29,474721.0
2021-09-02,714181.0
2021-09-06,627019.0
2021-09-10,640477.0
2021-09-14,646621.0
2021-09-18,561878.0
2021-09-22,645903.0
2021-09-26,494512.0
2021-09-30,706763.0
2021-10-04,650133.0
2021-10-08,689788.0
2021-10-12,673664.0
2021-10-16,674026.0
2021-10-20,713105.0
2021-10-24,554996.0
2021-10-28,749957.0
2021-11-01,732119.0
2021-11-05,721315.0
2021-11-09,796734.0
2021-11-13,628022.0
2021-11-17,708703.0
2021-11-21,586185.0
2021-11-25,741152.0
2021-11-29,727580.0
2021-12-03,738749.0
2021-12-07,725368.0
2021-12-11,599422.0
2021-12-15,707659.0
2021-12-19,557914.0
2021-12-23,744101.0
2021-12-27,674082.0
2021-12-31,703405.0
2022-01-04,680570.0
2022-01-08,591014.0
2022-01-12,679922.0
2022-01-16,569876.0
2022-01-20,683613.0
2022-01-24,668850.0
2022-01-28,680599.0
2022-02-01,687763.0
2022-02-05,673249.0
2022-02-09,663348.0
2022-02-13,590527.0
2022-02-17,665429.0
2022-02-21,615656.0
2022-02-25,687447.0
2022-03-01,722863.0
2022-03-05,594977.0
2022-03-09,702360.0
2022-03-13,554544.0
2022-03-17,743399.0
2022-03-21,663684.0
2022-03-25,752938.0
2022-03-29,706611.0
2022-04-02,660755.0
2022-04-06,666088.0
2022-04-10,551596.0
2022-04-14,673582.0
2022-04-18,631282.0
2022-04-22,671463.0
2022-04-26,689345.0
2022-04-30,684282.0
2022-05-04,615048.0
2022-05-08,597305.0
2022-05-12,730516.0
2022-05-16,663779.0
2022-05-20,668605.0
2022-05-24,600094.0
2022-05-28,576357.0
2022-06-01,683372.0
2022-06-05,538083.0
2022-06-09,661923.0
2022-06-13,708381.0
2022-06-17,663831.0
2022-06-21,647716.0
2022-06-25,557791.0
2022-06-29,654949.0
2022-07-03,548190.0
2022-07-07,691644.0
2022-07-11,590261.0
2022-07-15,661194.0
2022-07-19,682638.0
2022-07-23,572761.0
2022-07-27,644191.0
2022-07-31,561055.0
2022-08-04,695558.0
2022-08-08,652517.0
2022-08-12,703328.0
2022-08-16,677726.0
2022-08-20,597278.0
2022-08-24,649399.0
2022-08-28,547812.0
2022-09-01,685449.0
2022-09-05,628765.0
2022-09-09,753468.0
2022-09-13,663498.0
2022-09-17,641808.0
2022-09-21,632611.0
2022-09-25,574037.0
2022-09-29,652313.0
2022-10-03,656236.0
2022-10-07,675013.0
2022-10-11,635320.0
2022-10-15,612380.0
2022-10-19,612805.0
2022-10-23,582380.0
2022-10-27,648360.0
2022-10-31,667561.0
2022-11-04,689430.0
2022-11-08,719305.0
2022-11-12,677645.0
2022-11-16,670368.0
2022-11-20,595776.0
2022-11-24,642832.0
2022-11-28,630827.0
2022-12-02,686664.0
2022-12-06,637825.0
2022-12-10,617455.0
2022-12-14,673994.0
2022-12-18,559608.0
2022-12-22,665463.0
2022-12-26,548937.0
2022-12-30,726125.0
2023-01-03,645565.0
2023-01-07,601071.0
2023-01-11,661284.0
2023-01-15,605147.0
2023-01-19,684950.0
2023-01-23,651866.0
2023-01-27,699439.0
2023-01-31,709466.0
2023-02-04,691143.0
2023-02-08,682912.0
2023-02-12,617837.0
2023-02-16,759215.0
2023-02-20,615969.0
2023-02-24,695824.0
2023-02-28,731797.0
2023-03-04,678996.0
2023-03-08,656385.0
2023-03-12,621363.0
2023-03-16,687640.0
2023-03-20,725399.0
2023-03-24,683787.0
2023-03-28,684623.0
2023-04-01,702374.0
2023-04-05,719774.0
2023-04-09,570129.0
2023-04-13,720191.0
2023-04-17,665181.0
2023-04-21,771581.0
2023-04-25,663868.0
2023-04-29,628996.0
2023-05-03,728440.0
2023-05-07,482095.0
2023-05-11,596717.0
2023-05-15,579485.0
2023-05-19,664491.0
2023-05-23,636984.0
2023-05-27,672783.0
2023-05-31,709100.0
2023-06-04,588801.0
2023-06-08,682296.0
2023-06-12,617352.0
2023-06-16,765014.0
2023-06-20,746599.0
2023-06-24,683837.0
2023-06-28,627350.0
2023-07-02,534333.0
2023-07-06,709055.0
2023-07-10,679425.0
2023-07-14,760021.0
2023-07-18,775244.0
2023-07-22,556589.0
2023-07-26,737067.0
2023-07-30,800500.0
2023-08-03,716303.0
2023-08-07,676210.0
2023-08-11,733810.0
2023-08-15,786113.0
2023-08-19,628343.0
2023-08-23,652036.0
2023-08-27,606069.0
2023-08-31,742110.0
2023-09-04,730142.0
2023-09-08,694292.0
2023-09-12,784703.0
2023-09-16,876224.0
2023-09-20,823616.0
2023-09-24,685778.0
2023-09-28,639899.0
2023-10-02,691873.0
2023-10-06,679001.0
2023-10-10,629505.0
2023-10-14,612783.0
2023-10-18,613906.0
2023-10-22,577606.0
2023-10-26,778594.0
2023-10-30,779588.0
2023-11-03,789502.0
2023-11-07,737771.0
2023-11-11,894325.0
2023-11-15,770577.0
2023-11-19,806772.0
2023-11-23,771284.0
2023-11-27,759608.0
2023-12-01,844580.0
2023-12-05,674260.0
2023-12-09,739198.0
2023-12-13,617899.0
2023-12-17,570690.0
2023-12-21,699086.0
2023-12-25,572121.0
2023-12-29,703116.0
2024-01-02,550846.0
2024-01-06,572161.0
2024-01-10,605995.0
2024-01-14,616604.0
2024-01-18,678147.0
2024-01-22,620801.0
2024-01-26,683719.0
2024-01-30,687547.0
2024-02-03,668270.0
2024-02-07,640781.0
2024-02-11,558692.0
2024-02-15,612859.0
2024-02-19,617452.0
2024-02-23,679759.0
2024-02-27,674490.0
2024-03-02,623680.0
2024-03-06,681667.0
2024-03-10,627815.0
2024-03-14,663447.0
2024-03-18,673489.0
2024-03-22,679058.0
2024-03-26,648004.0
2024-03-30,614851.0
2024-04-03,714141.0
2024-04-07,652726.0
2024-04-11,631803.0
2024-04-15,666015.0
2024-04-19,727141.0
2024-04-23,441797.0
2024-04-27,673970.0
2024-05-01,587665.0
2024-05-05,429326.0
2024-05-09,513026.0
2024-05-13,466123.0
2024-05-17,514199.0
2024-05-21,508542.0
2024-05-25,465497.0
2024-05-29,449070.0
2024-06-02,393004.0
2024-06-06,476121.0
2024-06-10,473053.0
2024-06-14,475827.0
2024-06-18,484883.0
2024-06-22,456727.0
2024-06-26,476277.0
2024-06-30,465981.0
2024-07-04,487582.0
2024-07-08,534832.0
2024-07-12,486027.0
2024-07-16,492843.0
2024-07-20,444989.0
2024-07-24,484767.0
2024-07-28,431944.0
2024-08-01,550192.0
2024-08-05,572484.0
2024-08-09,505594.0
2024-08-13,499256.0
2024-08-17,468048.0
2024-08-21,528523.0
2024-08-25,410926.0
2024-08-29,537264.0
2024-09-02,497761.0
2024-09-06,541499.0
2024-09-10,496236.0
2024-09-14,497081.0
2024-09-18,503606.0
2024-09-22,439610.0
2024-09-26,515965.0
2024-09-30,513555.0
2024-10-04,553982.0
2024-10-08,556194.0
2024-10-12,440477.0
2024-10-16,465015.0
2024-10-20,462770.0
2024-10-24,453818.0
2024-10-28,535356.0
2024-11-01,556938.0
2024-11-05,548496.0
2024-11-09,502341.0
2024-11-13,636591.0
2024-11-17,518085.0
2024-11-21,666198.0
2024-11-25,593158.0
2024-11-29,551876.0
2024-12-03,613585.0
2024-12-07,523611.0
2024-12-11,617471.0
2024-12-15,540459.0
2024-12-19,634202.0
2024-12-23,528563.0
2024-12-27,568492.0
2024-12-31,545227.0
2025-01-04,514543.0
2025-01-08,545474.0
2025-01-12,478512.0
2025-01-16,552617.0
2025-01-20,611603.0
2025-01-24,555324.0
2025-01-28,526610.0
2025-02-01,547939.0
2025-02-05,549668.0
2025-02-09,458209.0
2025-02-13,554664.0
2025-02-17,481661.0
2025-02-21,539520.0
2025-02-25,593036.0
2025-03-01,537837.0
2025-03-05,553079.0
2025-03-09,468931.0
2025-03-13,548028.0
2025-03-17,511394.0
2025-03-21,542213.0
2025-03-25,537123.0
2025-03-29,491096.0
2025-04-02,561041.0
2025-04-06,468285.0
2025-04-10,559681.0
2025-04-14,531419.0
2025-04-18,515292.0
2025-04-22,569473.0
2025-04-26,486530.0
2025-04-30,558028.0
2025-05-04,446087.0
2025-05-08,592201.0
2025-05-12,532368.0
2025-05-16,539053.0
2025-05-20,536030.0
2025-05-24,500617.0
2025-05-28,546095.0
2025-06-01,452800.0
2025-06-05,562558.0
2025-06-09,506842.0
2025-06-13,567837.0
2025-06-17,518441.0
2025-06-21,455627.0
2025-06-25,516000.0
2025-06-29,442209.0
2025-07-03,571346.0
2025-07-07,493343.0
2025-07-11,626638.0
2025-07-15,560371.0
2025-07-19,477264.0
2025-07-23,535701.0
2025-07-27,457112.0
2025-07-31,584264.0
2025-08-04,542397.0
2025-08-08,749938.0
2025-08-12,543783.0
2025-08-16,475351.0
2025-08-20,534876.0
2025-08-24,443678.0
2025-08-28,547915.0
2025-09-01,521197.0
2025-09-05,587857.0
2025-09-09,549610.0
2025-09-13,526152.0
2025-09-17,517428.0
2025-09-21,467555.0
2025-09-25,542099.0
2025-09-29,521335.0
2025-10-03,595427.0
2025-10-07,561921.0
2025-10-11,546781.0
2025-10-15,542831.0
2025-10-19,443995.0
2025-10-23,527286.0
2025-10-27,522563.0
2025-10-31,572374.0
2025-11-04,582796.0
2025-11-08,470481.0
2025-11-12,504920.0
2025-11-19,535320.0
2025-11-23,442816.0
2025-11-27,525809.0
2025-12-01,557926.0
2025-12-05,534245.0
2025-12-09,507794.0
2025-12-13,463369.0
2025-12-17,511367.0
2025-12-21,436144.0
2025-12-25,431619.0
2025-12-29,516338.0
2026-01-02,518434.0
2026-01-06,517888.0
2026-01-10,451552.0
2026-01-14,501548.0
2026-01-18,411852.0
2026-01-22,478520.0
2026-01-26,465362.0
2026-01-30,580888.0
2026-02-03,550746.0
2026-02-07,481546.0
2026-02-11,490231.0
2026-02-15,399280.0
2026-02-19,473222.0
2026-02-23,458764.0
2026-02-27,549158.0
2026-03-03,504537.0
2026-03-07,458399.0
2026-03-11,475423.0
2026-03-15,406808.0
2026-03-19,486162.0
2026-03-23,476303.0
2026-03-27,507433.0
2026-03-31,485131.0
2026-04-04,430348.0
2026-04-08,489051.0
2026-04-12,395725.0
2026-04-17,521678.0
2026-04-21,478903.0
2026-04-25,428848.0
2026-04-29,482542.0
2026-05-03,402346.0
2026-05-07,497326.0
2026-05-11,457665.0
2026-05-15,525031.0
2026-05-19,469682.0
2026-05-23,439350.0
2026-05-27,474906.0
